Using device: cuda  world_size=1 rank=0
[stats] u: clip [-1.52644, 2.02595] (clip_pct=None)
[stats] v: clip [-1.55117, 0.86111] (clip_pct=None)
[stats] pooled normalized sigma over u+v: 0.11998 (n=2070602871)
[stats] saved /data2/user/zyq/data_processed/PRE/norm/stats_d14_clipnone.npz; sigma_data=0.11998
train windows: 8394   val windows: 1088
val subset: 24 windows at indices 0..1087 (1 rank shard(s))
zero-init check passed: untrained residual model == last-day persistence
Model Total Params: 5842132
preset=middle_smoke mode=full objective=persistence_residual grid=(400,441,1) patch=(4, 3, 1) cond_ch=14 model_cond_ch=14 static_mask_input=False target_ch=2 mask_scheme=bivariate_rho stats_sigma=0.11998 objective=persistence_residual (residual_base=last_day, time_sigma=0.002; sigma_data not applicable) epochs=10 train_horizon=1 lead_schedule=1 init_checkpoint=None world_size=1 per_device_batch=4 effective_batch=4 run_dir=/data2/user/zyq/checkpoints/PRE/middle_smoke_BS4_EMD180_I4_E4_S32_C7_SD2_RES
PROGRESS phase=train objective=persistence_residual preset=middle_smoke mode=full world=1 epochs=10 steps_per_epoch=2098 train_horizon=1 lead_schedule=1 run_dir=/data2/user/zyq/checkpoints/PRE/middle_smoke_BS4_EMD180_I4_E4_S32_C7_SD2_RES status=start
PROGRESS phase=train epoch=1/10 scope=whole_split step=0/2098 elapsed_s=0.0 status=start
PROGRESS phase=train epoch=1/10 scope=whole_split step=47/2098 elapsed_s=30.0 step_per_s=1.567 sample_per_s=6.266 eta_s=1309.2 loss=0.00453 lr=1.00e-03 updates=47 skipped=0 status=running
PROGRESS phase=train epoch=1/10 scope=whole_split step=96/2098 elapsed_s=60.0 step_per_s=1.600 sample_per_s=6.400 eta_s=1251.3 loss=0.00271 lr=1.00e-03 updates=96 skipped=0 status=running
  [ep 1] batch 100/2098  avg_loss 0.00264  0.62s/batch  scale 6.5536e+04
PROGRESS phase=train epoch=1/10 scope=whole_split step=145/2098 elapsed_s=90.0 step_per_s=1.611 sample_per_s=6.444 eta_s=1212.3 loss=0.00206 lr=1.00e-03 updates=145 skipped=0 status=running
PROGRESS phase=train epoch=1/10 scope=whole_split step=194/2098 elapsed_s=120.0 step_per_s=1.617 sample_per_s=6.466 eta_s=1177.8 loss=0.00176 lr=1.00e-03 updates=194 skipped=0 status=running
  [ep 1] batch 200/2098  avg_loss 0.00173  0.62s/batch  scale 6.5536e+04
PROGRESS phase=train epoch=1/10 scope=whole_split step=242/2098 elapsed_s=150.0 step_per_s=1.613 sample_per_s=6.453 eta_s=1150.5 loss=0.00160 lr=1.00e-03 updates=242 skipped=0 status=running
PROGRESS phase=train epoch=1/10 scope=whole_split step=291/2098 elapsed_s=180.0 step_per_s=1.617 sample_per_s=6.466 eta_s=1117.8 loss=0.00144 lr=1.00e-03 updates=291 skipped=0 status=running
  [ep 1] batch 300/2098  avg_loss 0.00142  0.62s/batch  scale 6.5536e+04
PROGRESS phase=train epoch=1/10 scope=whole_split step=340/2098 elapsed_s=210.0 step_per_s=1.619 sample_per_s=6.476 eta_s=1085.9 loss=0.00133 lr=9.99e-04 updates=340 skipped=0 status=running
PROGRESS phase=train epoch=1/10 scope=whole_split step=389/2098 elapsed_s=240.0 step_per_s=1.621 sample_per_s=6.483 eta_s=1054.4 loss=0.00124 lr=9.99e-04 updates=389 skipped=0 status=running
  [ep 1] batch 400/2098  avg_loss 0.00122  0.61s/batch  scale 6.5536e+04
PROGRESS phase=train epoch=1/10 scope=whole_split step=437/2098 elapsed_s=270.0 step_per_s=1.618 sample_per_s=6.474 eta_s=1026.3 loss=0.00120 lr=9.99e-04 updates=437 skipped=0 status=running
PROGRESS phase=train epoch=1/10 scope=whole_split step=486/2098 elapsed_s=300.0 step_per_s=1.620 sample_per_s=6.480 eta_s=995.1 loss=0.00115 lr=9.99e-04 updates=486 skipped=0 status=running
  [ep 1] batch 500/2098  avg_loss 0.00114  0.61s/batch  scale 6.5536e+04
PROGRESS phase=train epoch=1/10 scope=whole_split step=535/2098 elapsed_s=330.0 step_per_s=1.621 sample_per_s=6.485 eta_s=964.1 loss=0.00111 lr=9.98e-04 updates=535 skipped=0 status=running
PROGRESS phase=train epoch=1/10 scope=whole_split step=584/2098 elapsed_s=360.0 step_per_s=1.622 sample_per_s=6.489 eta_s=933.3 loss=0.00107 lr=9.98e-04 updates=584 skipped=0 status=running
  [ep 1] batch 600/2098  avg_loss 0.00107  0.61s/batch  scale 6.5536e+04
PROGRESS phase=train epoch=1/10 scope=whole_split step=633/2098 elapsed_s=390.0 step_per_s=1.623 sample_per_s=6.492 eta_s=902.6 loss=0.00104 lr=9.98e-04 updates=633 skipped=0 status=running
PROGRESS phase=train epoch=1/10 scope=whole_split step=682/2098 elapsed_s=420.0 step_per_s=1.624 sample_per_s=6.495 eta_s=872.1 loss=0.00102 lr=9.97e-04 updates=682 skipped=0 status=running
  [ep 1] batch 700/2098  avg_loss 0.00101  0.61s/batch  scale 6.5536e+04
PROGRESS phase=train epoch=1/10 scope=whole_split step=731/2098 elapsed_s=450.0 step_per_s=1.624 sample_per_s=6.498 eta_s=841.5 loss=0.00100 lr=9.97e-04 updates=731 skipped=0 status=running
PROGRESS phase=train epoch=1/10 scope=whole_split step=780/2098 elapsed_s=480.0 step_per_s=1.625 sample_per_s=6.500 eta_s=811.1 loss=0.00098 lr=9.97e-04 updates=780 skipped=0 status=running
  [ep 1] batch 800/2098  avg_loss 0.00097  0.61s/batch  scale 6.5536e+04
PROGRESS phase=train epoch=1/10 scope=whole_split step=828/2098 elapsed_s=510.0 step_per_s=1.623 sample_per_s=6.494 eta_s=782.3 loss=0.00096 lr=9.96e-04 updates=828 skipped=0 status=running
PROGRESS phase=train epoch=1/10 scope=whole_split step=877/2098 elapsed_s=540.0 step_per_s=1.624 sample_per_s=6.496 eta_s=751.8 loss=0.00094 lr=9.96e-04 updates=877 skipped=0 status=running
  [ep 1] batch 900/2098  avg_loss 0.00094  0.61s/batch  scale 6.5536e+04
PROGRESS phase=train epoch=1/10 scope=whole_split step=926/2098 elapsed_s=570.0 step_per_s=1.625 sample_per_s=6.498 eta_s=721.4 loss=0.00093 lr=9.95e-04 updates=926 skipped=0 status=running
PROGRESS phase=train epoch=1/10 scope=whole_split step=975/2098 elapsed_s=600.0 step_per_s=1.625 sample_per_s=6.500 eta_s=691.1 loss=0.00091 lr=9.95e-04 updates=975 skipped=0 status=running
  [ep 1] batch 1000/2098  avg_loss 0.00091  0.62s/batch  scale 6.5536e+04
PROGRESS phase=train epoch=1/10 scope=whole_split step=1023/2098 elapsed_s=630.0 step_per_s=1.624 sample_per_s=6.495 eta_s=662.0 loss=0.00090 lr=9.94e-04 updates=1023 skipped=0 status=running
PROGRESS phase=train epoch=1/10 scope=whole_split step=1072/2098 elapsed_s=660.0 step_per_s=1.624 sample_per_s=6.497 eta_s=631.7 loss=0.00089 lr=9.94e-04 updates=1072 skipped=0 status=running
  [ep 1] batch 1100/2098  avg_loss 0.00088  0.62s/batch  scale 6.5536e+04
PROGRESS phase=train epoch=1/10 scope=whole_split step=1121/2098 elapsed_s=690.0 step_per_s=1.625 sample_per_s=6.498 eta_s=601.4 loss=0.00088 lr=9.93e-04 updates=1121 skipped=0 status=running
PROGRESS phase=train epoch=1/10 scope=whole_split step=1170/2098 elapsed_s=720.0 step_per_s=1.625 sample_per_s=6.500 eta_s=571.1 loss=0.00087 lr=9.92e-04 updates=1170 skipped=0 status=running
  [ep 1] batch 1200/2098  avg_loss 0.00086  0.61s/batch  scale 6.5536e+04
PROGRESS phase=train epoch=1/10 scope=whole_split step=1218/2098 elapsed_s=750.0 step_per_s=1.624 sample_per_s=6.496 eta_s=541.9 loss=0.00085 lr=9.92e-04 updates=1218 skipped=0 status=running
PROGRESS phase=train epoch=1/10 scope=whole_split step=1267/2098 elapsed_s=780.0 step_per_s=1.624 sample_per_s=6.497 eta_s=511.6 loss=0.00085 lr=9.91e-04 updates=1267 skipped=0 status=running
  [ep 1] batch 1300/2098  avg_loss 0.00084  0.62s/batch  scale 6.5536e+04
PROGRESS phase=train epoch=1/10 scope=whole_split step=1316/2098 elapsed_s=810.0 step_per_s=1.625 sample_per_s=6.499 eta_s=481.3 loss=0.00084 lr=9.90e-04 updates=1316 skipped=0 status=running
PROGRESS phase=train epoch=1/10 scope=whole_split step=1364/2098 elapsed_s=840.0 step_per_s=1.624 sample_per_s=6.495 eta_s=452.0 loss=0.00083 lr=9.90e-04 updates=1364 skipped=0 status=running
  [ep 1] batch 1400/2098  avg_loss 0.00082  0.62s/batch  scale 6.5536e+04
PROGRESS phase=train epoch=1/10 scope=whole_split step=1413/2098 elapsed_s=870.0 step_per_s=1.624 sample_per_s=6.496 eta_s=421.8 loss=0.00082 lr=9.89e-04 updates=1413 skipped=0 status=running
PROGRESS phase=train epoch=1/10 scope=whole_split step=1462/2098 elapsed_s=900.0 step_per_s=1.624 sample_per_s=6.498 eta_s=391.5 loss=0.00082 lr=9.88e-04 updates=1462 skipped=0 status=running
  [ep 1] batch 1500/2098  avg_loss 0.00081  0.61s/batch  scale 6.5536e+04
PROGRESS phase=train epoch=1/10 scope=whole_split step=1511/2098 elapsed_s=930.0 step_per_s=1.625 sample_per_s=6.499 eta_s=361.3 loss=0.00081 lr=9.87e-04 updates=1511 skipped=0 status=running
PROGRESS phase=train epoch=1/10 scope=whole_split step=1560/2098 elapsed_s=960.0 step_per_s=1.625 sample_per_s=6.500 eta_s=331.1 loss=0.00081 lr=9.86e-04 updates=1560 skipped=0 status=running
  [ep 1] batch 1600/2098  avg_loss 0.00081  0.62s/batch  scale 6.5536e+04
PROGRESS phase=train epoch=1/10 scope=whole_split step=1608/2098 elapsed_s=990.0 step_per_s=1.624 sample_per_s=6.497 eta_s=301.7 loss=0.00081 lr=9.86e-04 updates=1608 skipped=0 status=running
PROGRESS phase=train epoch=1/10 scope=whole_split step=1657/2098 elapsed_s=1020.0 step_per_s=1.624 sample_per_s=6.498 eta_s=271.5 loss=0.00081 lr=9.85e-04 updates=1657 skipped=0 status=running
  [ep 1] batch 1700/2098  avg_loss 0.00080  0.61s/batch  scale 6.5536e+04
PROGRESS phase=train epoch=1/10 scope=whole_split step=1706/2098 elapsed_s=1050.0 step_per_s=1.625 sample_per_s=6.499 eta_s=241.3 loss=0.00080 lr=9.84e-04 updates=1706 skipped=0 status=running
PROGRESS phase=train epoch=1/10 scope=whole_split step=1755/2098 elapsed_s=1080.0 step_per_s=1.625 sample_per_s=6.500 eta_s=211.1 loss=0.00080 lr=9.83e-04 updates=1755 skipped=0 status=running
  [ep 1] batch 1800/2098  avg_loss 0.00079  0.61s/batch  scale 6.5536e+04
PROGRESS phase=train epoch=1/10 scope=whole_split step=1804/2098 elapsed_s=1110.0 step_per_s=1.625 sample_per_s=6.501 eta_s=180.9 loss=0.00079 lr=9.82e-04 updates=1804 skipped=0 status=running
PROGRESS phase=train epoch=1/10 scope=whole_split step=1852/2098 elapsed_s=1140.0 step_per_s=1.625 sample_per_s=6.498 eta_s=151.4 loss=0.00079 lr=9.81e-04 updates=1852 skipped=0 status=running
  [ep 1] batch 1900/2098  avg_loss 0.00079  0.61s/batch  scale 6.5536e+04
PROGRESS phase=train epoch=1/10 scope=whole_split step=1901/2098 elapsed_s=1170.0 step_per_s=1.625 sample_per_s=6.499 eta_s=121.3 loss=0.00079 lr=9.80e-04 updates=1901 skipped=0 status=running
PROGRESS phase=train epoch=1/10 scope=whole_split step=1950/2098 elapsed_s=1200.0 step_per_s=1.625 sample_per_s=6.500 eta_s=91.1 loss=0.00078 lr=9.79e-04 updates=1950 skipped=0 status=running
PROGRESS phase=train epoch=1/10 scope=whole_split step=1999/2098 elapsed_s=1230.0 step_per_s=1.625 sample_per_s=6.501 eta_s=60.9 loss=0.00077 lr=9.78e-04 updates=1999 skipped=0 status=running
  [ep 1] batch 2000/2098  avg_loss 0.00077  0.61s/batch  scale 1.3107e+05
PROGRESS phase=train epoch=1/10 scope=whole_split step=2048/2098 elapsed_s=1260.0 step_per_s=1.625 sample_per_s=6.501 eta_s=30.8 loss=0.00077 lr=9.77e-04 updates=2048 skipped=0 status=running
PROGRESS phase=train epoch=1/10 scope=whole_split step=2096/2098 elapsed_s=1290.0 step_per_s=1.625 sample_per_s=6.499 eta_s=1.2 loss=0.00077 lr=9.76e-04 updates=2096 skipped=0 status=running
PROGRESS phase=train epoch=1/10 scope=whole_split step=2098/2098 elapsed_s=1291.0 step_per_s=1.625 sample_per_s=6.500 loss=0.00077 lr=9.76e-04 updates=2098 skipped=0 status=phase_done
PROGRESS phase=val epoch=1/10 scope=whole_split batch=0/6 elapsed_s=0.0 status=start
PROGRESS phase=val epoch=1/10 scope=whole_split batch=6/6 elapsed_s=1.4 batch_per_s=4.267 rel_l2=0.70313 status=phase_done
epoch 1/10  1292.4s  train_loss 0.00077  val_masked_relL2 0.70313  updates/rank 2098 (skipped across ranks 0)  max_lead 1  grad_scale 1.3107e+05  lr 9.76e-04
PROGRESS phase=train epoch=2/10 scope=whole_split step=0/2098 elapsed_s=0.0 status=start
PROGRESS phase=train epoch=2/10 scope=whole_split step=48/2098 elapsed_s=30.0 step_per_s=1.600 sample_per_s=6.400 eta_s=1281.3 loss=0.00060 lr=9.74e-04 updates=48 skipped=0 status=running
PROGRESS phase=train epoch=2/10 scope=whole_split step=97/2098 elapsed_s=60.0 step_per_s=1.617 sample_per_s=6.466 eta_s=1237.8 loss=0.00060 lr=9.73e-04 updates=97 skipped=0 status=running
  [ep 2] batch 100/2098  avg_loss 0.00061  0.62s/batch  scale 1.3107e+05
PROGRESS phase=train epoch=2/10 scope=whole_split step=146/2098 elapsed_s=90.0 step_per_s=1.622 sample_per_s=6.489 eta_s=1203.3 loss=0.00058 lr=9.72e-04 updates=146 skipped=0 status=running
PROGRESS phase=train epoch=2/10 scope=whole_split step=195/2098 elapsed_s=120.0 step_per_s=1.625 sample_per_s=6.500 eta_s=1171.1 loss=0.00057 lr=9.71e-04 updates=195 skipped=0 status=running
  [ep 2] batch 200/2098  avg_loss 0.00057  0.61s/batch  scale 1.3107e+05
PROGRESS phase=train epoch=2/10 scope=whole_split step=244/2098 elapsed_s=150.0 step_per_s=1.627 sample_per_s=6.506 eta_s=1139.8 loss=0.00057 lr=9.70e-04 updates=244 skipped=0 status=running
PROGRESS phase=train epoch=2/10 scope=whole_split step=292/2098 elapsed_s=180.0 step_per_s=1.622 sample_per_s=6.489 eta_s=1113.3 loss=0.00057 lr=9.68e-04 updates=292 skipped=0 status=running
  [ep 2] batch 300/2098  avg_loss 0.00057  0.61s/batch  scale 1.3107e+05
PROGRESS phase=train epoch=2/10 scope=whole_split step=341/2098 elapsed_s=210.0 step_per_s=1.624 sample_per_s=6.495 eta_s=1082.1 loss=0.00057 lr=9.67e-04 updates=341 skipped=0 status=running
PROGRESS phase=train epoch=2/10 scope=whole_split step=390/2098 elapsed_s=240.0 step_per_s=1.625 sample_per_s=6.500 eta_s=1051.1 loss=0.00057 lr=9.66e-04 updates=390 skipped=0 status=running
  [ep 2] batch 400/2098  avg_loss 0.00057  0.62s/batch  scale 1.3107e+05
PROGRESS phase=train epoch=2/10 scope=whole_split step=438/2098 elapsed_s=270.0 step_per_s=1.622 sample_per_s=6.489 eta_s=1023.3 loss=0.00057 lr=9.64e-04 updates=438 skipped=0 status=running
PROGRESS phase=train epoch=2/10 scope=whole_split step=487/2098 elapsed_s=300.0 step_per_s=1.623 sample_per_s=6.493 eta_s=992.4 loss=0.00058 lr=9.63e-04 updates=487 skipped=0 status=running
  [ep 2] batch 500/2098  avg_loss 0.00058  0.62s/batch  scale 1.3107e+05
PROGRESS phase=train epoch=2/10 scope=whole_split step=536/2098 elapsed_s=330.0 step_per_s=1.624 sample_per_s=6.497 eta_s=961.7 loss=0.00058 lr=9.62e-04 updates=536 skipped=0 status=running
PROGRESS phase=train epoch=2/10 scope=whole_split step=585/2098 elapsed_s=360.0 step_per_s=1.625 sample_per_s=6.500 eta_s=931.1 loss=0.00057 lr=9.60e-04 updates=585 skipped=0 status=running
  [ep 2] batch 600/2098  avg_loss 0.00057  0.62s/batch  scale 1.3107e+05
PROGRESS phase=train epoch=2/10 scope=whole_split step=634/2098 elapsed_s=390.0 step_per_s=1.626 sample_per_s=6.502 eta_s=900.6 loss=0.00057 lr=9.59e-04 updates=634 skipped=0 status=running
PROGRESS phase=train epoch=2/10 scope=whole_split step=682/2098 elapsed_s=420.0 step_per_s=1.624 sample_per_s=6.495 eta_s=872.1 loss=0.00057 lr=9.57e-04 updates=682 skipped=0 status=running
  [ep 2] batch 700/2098  avg_loss 0.00057  0.61s/batch  scale 1.3107e+05
PROGRESS phase=train epoch=2/10 scope=whole_split step=731/2098 elapsed_s=450.0 step_per_s=1.624 sample_per_s=6.498 eta_s=841.5 loss=0.00058 lr=9.56e-04 updates=731 skipped=0 status=running
PROGRESS phase=train epoch=2/10 scope=whole_split step=780/2098 elapsed_s=480.0 step_per_s=1.625 sample_per_s=6.500 eta_s=811.1 loss=0.00057 lr=9.54e-04 updates=780 skipped=0 status=running
  [ep 2] batch 800/2098  avg_loss 0.00057  0.61s/batch  scale 1.3107e+05
PROGRESS phase=train epoch=2/10 scope=whole_split step=829/2098 elapsed_s=510.0 step_per_s=1.625 sample_per_s=6.502 eta_s=780.7 loss=0.00057 lr=9.53e-04 updates=829 skipped=0 status=running
PROGRESS phase=train epoch=2/10 scope=whole_split step=878/2098 elapsed_s=540.0 step_per_s=1.626 sample_per_s=6.503 eta_s=750.4 loss=0.00057 lr=9.51e-04 updates=878 skipped=0 status=running
  [ep 2] batch 900/2098  avg_loss 0.00057  0.61s/batch  scale 1.3107e+05
PROGRESS phase=train epoch=2/10 scope=whole_split step=926/2098 elapsed_s=570.0 step_per_s=1.625 sample_per_s=6.498 eta_s=721.4 loss=0.00057 lr=9.50e-04 updates=926 skipped=0 status=running
PROGRESS phase=train epoch=2/10 scope=whole_split step=975/2098 elapsed_s=600.0 step_per_s=1.625 sample_per_s=6.500 eta_s=691.1 loss=0.00056 lr=9.48e-04 updates=975 skipped=0 status=running
  [ep 2] batch 1000/2098  avg_loss 0.00057  0.61s/batch  scale 1.3107e+05
PROGRESS phase=train epoch=2/10 scope=whole_split step=1024/2098 elapsed_s=630.0 step_per_s=1.625 sample_per_s=6.501 eta_s=660.8 loss=0.00057 lr=9.46e-04 updates=1024 skipped=0 status=running
PROGRESS phase=train epoch=2/10 scope=whole_split step=1073/2098 elapsed_s=660.0 step_per_s=1.626 sample_per_s=6.503 eta_s=630.5 loss=0.00056 lr=9.45e-04 updates=1073 skipped=0 status=running
  [ep 2] batch 1100/2098  avg_loss 0.00056  0.61s/batch  scale 1.3107e+05
PROGRESS phase=train epoch=2/10 scope=whole_split step=1122/2098 elapsed_s=690.0 step_per_s=1.626 sample_per_s=6.504 eta_s=600.2 loss=0.00056 lr=9.43e-04 updates=1122 skipped=0 status=running
PROGRESS phase=train epoch=2/10 scope=whole_split step=1170/2098 elapsed_s=720.0 step_per_s=1.625 sample_per_s=6.500 eta_s=571.1 loss=0.00057 lr=9.41e-04 updates=1170 skipped=0 status=running
  [ep 2] batch 1200/2098  avg_loss 0.00057  0.61s/batch  scale 1.3107e+05
PROGRESS phase=train epoch=2/10 scope=whole_split step=1219/2098 elapsed_s=750.0 step_per_s=1.625 sample_per_s=6.501 eta_s=540.8 loss=0.00057 lr=9.40e-04 updates=1219 skipped=0 status=running
PROGRESS phase=train epoch=2/10 scope=whole_split step=1268/2098 elapsed_s=780.0 step_per_s=1.626 sample_per_s=6.502 eta_s=510.6 loss=0.00057 lr=9.38e-04 updates=1268 skipped=0 status=running
  [ep 2] batch 1300/2098  avg_loss 0.00057  0.61s/batch  scale 1.3107e+05
PROGRESS phase=train epoch=2/10 scope=whole_split step=1317/2098 elapsed_s=810.0 step_per_s=1.626 sample_per_s=6.503 eta_s=480.4 loss=0.00056 lr=9.36e-04 updates=1317 skipped=0 status=running
PROGRESS phase=train epoch=2/10 scope=whole_split step=1366/2098 elapsed_s=840.0 step_per_s=1.626 sample_per_s=6.505 eta_s=450.1 loss=0.00056 lr=9.34e-04 updates=1366 skipped=0 status=running
  [ep 2] batch 1400/2098  avg_loss 0.00056  0.61s/batch  scale 1.3107e+05
PROGRESS phase=train epoch=2/10 scope=whole_split step=1415/2098 elapsed_s=870.0 step_per_s=1.626 sample_per_s=6.506 eta_s=420.0 loss=0.00056 lr=9.32e-04 updates=1415 skipped=0 status=running
PROGRESS phase=train epoch=2/10 scope=whole_split step=1464/2098 elapsed_s=900.0 step_per_s=1.627 sample_per_s=6.506 eta_s=389.8 loss=0.00055 lr=9.31e-04 updates=1464 skipped=0 status=running
  [ep 2] batch 1500/2098  avg_loss 0.00055  0.61s/batch  scale 1.3107e+05
PROGRESS phase=train epoch=2/10 scope=whole_split step=1512/2098 elapsed_s=930.0 step_per_s=1.626 sample_per_s=6.503 eta_s=360.4 loss=0.00055 lr=9.29e-04 updates=1512 skipped=0 status=running
PROGRESS phase=train epoch=2/10 scope=whole_split step=1561/2098 elapsed_s=960.0 step_per_s=1.626 sample_per_s=6.504 eta_s=330.3 loss=0.00055 lr=9.27e-04 updates=1561 skipped=0 status=running
  [ep 2] batch 1600/2098  avg_loss 0.00055  0.61s/batch  scale 1.3107e+05
PROGRESS phase=train epoch=2/10 scope=whole_split step=1610/2098 elapsed_s=990.0 step_per_s=1.626 sample_per_s=6.505 eta_s=300.1 loss=0.00055 lr=9.25e-04 updates=1610 skipped=0 status=running
PROGRESS phase=train epoch=2/10 scope=whole_split step=1659/2098 elapsed_s=1020.0 step_per_s=1.626 sample_per_s=6.506 eta_s=269.9 loss=0.00055 lr=9.23e-04 updates=1659 skipped=0 status=running
  [ep 2] batch 1700/2098  avg_loss 0.00055  0.61s/batch  scale 1.3107e+05
PROGRESS phase=train epoch=2/10 scope=whole_split step=1708/2098 elapsed_s=1050.0 step_per_s=1.627 sample_per_s=6.506 eta_s=239.8 loss=0.00055 lr=9.21e-04 updates=1708 skipped=0 status=running
PROGRESS phase=train epoch=2/10 scope=whole_split step=1757/2098 elapsed_s=1080.0 step_per_s=1.627 sample_per_s=6.507 eta_s=209.6 loss=0.00055 lr=9.19e-04 updates=1757 skipped=0 status=running
  [ep 2] batch 1800/2098  avg_loss 0.00055  0.61s/batch  scale 1.3107e+05
PROGRESS phase=train epoch=2/10 scope=whole_split step=1805/2098 elapsed_s=1110.0 step_per_s=1.626 sample_per_s=6.504 eta_s=180.2 loss=0.00055 lr=9.17e-04 updates=1805 skipped=0 status=running
PROGRESS phase=train epoch=2/10 scope=whole_split step=1854/2098 elapsed_s=1140.0 step_per_s=1.626 sample_per_s=6.505 eta_s=150.0 loss=0.00055 lr=9.15e-04 updates=1854 skipped=0 status=running
  [ep 2] batch 1900/2098  avg_loss 0.00055  0.62s/batch  scale 1.3107e+05
PROGRESS phase=train epoch=2/10 scope=whole_split step=1903/2098 elapsed_s=1170.0 step_per_s=1.626 sample_per_s=6.506 eta_s=119.9 loss=0.00055 lr=9.13e-04 updates=1903 skipped=0 status=running
PROGRESS phase=train epoch=2/10 scope=whole_split step=1952/2098 elapsed_s=1200.0 step_per_s=1.627 sample_per_s=6.506 eta_s=89.8 loss=0.00055 lr=9.11e-04 updates=1952 skipped=0 status=running
  [ep 2] batch 2000/2098  avg_loss 0.00055  0.61s/batch  scale 2.6214e+05
PROGRESS phase=train epoch=2/10 scope=whole_split step=2001/2098 elapsed_s=1230.0 step_per_s=1.627 sample_per_s=6.507 eta_s=59.6 loss=0.00055 lr=9.09e-04 updates=2001 skipped=0 status=running
PROGRESS phase=train epoch=2/10 scope=whole_split step=2049/2098 elapsed_s=1260.0 step_per_s=1.626 sample_per_s=6.505 eta_s=30.1 loss=0.00054 lr=9.07e-04 updates=2049 skipped=0 status=running
PROGRESS phase=train epoch=2/10 scope=whole_split step=2098/2098 elapsed_s=1290.0 step_per_s=1.626 sample_per_s=6.506 loss=0.00055 lr=9.05e-04 updates=2098 skipped=0 status=phase_done
PROGRESS phase=val epoch=2/10 scope=whole_split batch=0/6 elapsed_s=0.0 status=start
PROGRESS phase=val epoch=2/10 scope=whole_split batch=6/6 elapsed_s=1.4 batch_per_s=4.192 rel_l2=0.63748 status=phase_done
epoch 2/10  1291.4s  train_loss 0.00055  val_masked_relL2 0.63748  updates/rank 2098 (skipped across ranks 0)  max_lead 1  grad_scale 2.6214e+05  lr 9.05e-04
PROGRESS phase=train epoch=3/10 scope=whole_split step=0/2098 elapsed_s=0.0 status=start
PROGRESS phase=train epoch=3/10 scope=whole_split step=48/2098 elapsed_s=30.0 step_per_s=1.600 sample_per_s=6.400 eta_s=1281.3 loss=0.00051 lr=9.02e-04 updates=48 skipped=0 status=running
PROGRESS phase=train epoch=3/10 scope=whole_split step=97/2098 elapsed_s=60.0 step_per_s=1.617 sample_per_s=6.466 eta_s=1237.8 loss=0.00049 lr=9.00e-04 updates=97 skipped=0 status=running
  [ep 3] batch 100/2098  avg_loss 0.00050  0.62s/batch  scale 2.6214e+05
PROGRESS phase=train epoch=3/10 scope=whole_split step=145/2098 elapsed_s=90.0 step_per_s=1.611 sample_per_s=6.444 eta_s=1212.3 loss=0.00050 lr=8.98e-04 updates=145 skipped=0 status=running
PROGRESS phase=train epoch=3/10 scope=whole_split step=194/2098 elapsed_s=120.0 step_per_s=1.617 sample_per_s=6.466 eta_s=1177.8 loss=0.00049 lr=8.96e-04 updates=194 skipped=0 status=running
  [ep 3] batch 200/2098  avg_loss 0.00048  0.61s/batch  scale 2.6214e+05
PROGRESS phase=train epoch=3/10 scope=whole_split step=243/2098 elapsed_s=150.0 step_per_s=1.620 sample_per_s=6.480 eta_s=1145.1 loss=0.00048 lr=8.94e-04 updates=243 skipped=0 status=running
PROGRESS phase=train epoch=3/10 scope=whole_split step=292/2098 elapsed_s=180.0 step_per_s=1.622 sample_per_s=6.489 eta_s=1113.3 loss=0.00048 lr=8.91e-04 updates=292 skipped=0 status=running
  [ep 3] batch 300/2098  avg_loss 0.00048  0.61s/batch  scale 2.6214e+05
PROGRESS phase=train epoch=3/10 scope=whole_split step=341/2098 elapsed_s=210.0 step_per_s=1.624 sample_per_s=6.495 eta_s=1082.1 loss=0.00048 lr=8.89e-04 updates=341 skipped=0 status=running
PROGRESS phase=train epoch=3/10 scope=whole_split step=389/2098 elapsed_s=240.0 step_per_s=1.621 sample_per_s=6.483 eta_s=1054.4 loss=0.00048 lr=8.87e-04 updates=389 skipped=0 status=running
  [ep 3] batch 400/2098  avg_loss 0.00049  0.61s/batch  scale 2.6214e+05
PROGRESS phase=train epoch=3/10 scope=whole_split step=438/2098 elapsed_s=270.0 step_per_s=1.622 sample_per_s=6.489 eta_s=1023.3 loss=0.00048 lr=8.84e-04 updates=438 skipped=0 status=running
PROGRESS phase=train epoch=3/10 scope=whole_split step=487/2098 elapsed_s=300.0 step_per_s=1.623 sample_per_s=6.493 eta_s=992.4 loss=0.00049 lr=8.82e-04 updates=487 skipped=0 status=running
  [ep 3] batch 500/2098  avg_loss 0.00048  0.61s/batch  scale 2.6214e+05
PROGRESS phase=train epoch=3/10 scope=whole_split step=536/2098 elapsed_s=330.0 step_per_s=1.624 sample_per_s=6.497 eta_s=961.7 loss=0.00048 lr=8.80e-04 updates=536 skipped=0 status=running
PROGRESS phase=train epoch=3/10 scope=whole_split step=585/2098 elapsed_s=360.0 step_per_s=1.625 sample_per_s=6.500 eta_s=931.1 loss=0.00048 lr=8.77e-04 updates=585 skipped=0 status=running
  [ep 3] batch 600/2098  avg_loss 0.00047  0.61s/batch  scale 2.6214e+05
PROGRESS phase=train epoch=3/10 scope=whole_split step=634/2098 elapsed_s=390.0 step_per_s=1.626 sample_per_s=6.502 eta_s=900.6 loss=0.00048 lr=8.75e-04 updates=634 skipped=0 status=running
PROGRESS phase=train epoch=3/10 scope=whole_split step=683/2098 elapsed_s=420.0 step_per_s=1.626 sample_per_s=6.505 eta_s=870.2 loss=0.00049 lr=8.72e-04 updates=683 skipped=0 status=running
  [ep 3] batch 700/2098  avg_loss 0.00049  0.61s/batch  scale 2.6214e+05
PROGRESS phase=train epoch=3/10 scope=whole_split step=731/2098 elapsed_s=450.0 step_per_s=1.624 sample_per_s=6.498 eta_s=841.6 loss=0.00048 lr=8.70e-04 updates=731 skipped=0 status=running
PROGRESS phase=train epoch=3/10 scope=whole_split step=780/2098 elapsed_s=480.0 step_per_s=1.625 sample_per_s=6.500 eta_s=811.1 loss=0.00048 lr=8.68e-04 updates=780 skipped=0 status=running
  [ep 3] batch 800/2098  avg_loss 0.00048  0.61s/batch  scale 2.6214e+05
PROGRESS phase=train epoch=3/10 scope=whole_split step=829/2098 elapsed_s=510.0 step_per_s=1.625 sample_per_s=6.502 eta_s=780.7 loss=0.00048 lr=8.65e-04 updates=829 skipped=0 status=running
PROGRESS phase=train epoch=3/10 scope=whole_split step=878/2098 elapsed_s=540.0 step_per_s=1.626 sample_per_s=6.503 eta_s=750.4 loss=0.00048 lr=8.62e-04 updates=878 skipped=0 status=running
  [ep 3] batch 900/2098  avg_loss 0.00048  0.62s/batch  scale 2.6214e+05
PROGRESS phase=train epoch=3/10 scope=whole_split step=927/2098 elapsed_s=570.0 step_per_s=1.626 sample_per_s=6.505 eta_s=720.1 loss=0.00048 lr=8.60e-04 updates=927 skipped=0 status=running
PROGRESS phase=train epoch=3/10 scope=whole_split step=975/2098 elapsed_s=600.0 step_per_s=1.625 sample_per_s=6.500 eta_s=691.1 loss=0.00048 lr=8.57e-04 updates=975 skipped=0 status=running
  [ep 3] batch 1000/2098  avg_loss 0.00049  0.65s/batch  scale 2.6214e+05
PROGRESS phase=train epoch=3/10 scope=whole_split step=1016/2098 elapsed_s=630.0 step_per_s=1.613 sample_per_s=6.451 eta_s=671.0 loss=0.00049 lr=8.55e-04 updates=1016 skipped=0 status=running
PROGRESS phase=train epoch=3/10 scope=whole_split step=1063/2098 elapsed_s=660.0 step_per_s=1.611 sample_per_s=6.442 eta_s=642.6 loss=0.00049 lr=8.53e-04 updates=1063 skipped=0 status=running
  [ep 3] batch 1100/2098  avg_loss 0.00049  0.64s/batch  scale 2.6214e+05
PROGRESS phase=train epoch=3/10 scope=whole_split step=1112/2098 elapsed_s=690.0 step_per_s=1.612 sample_per_s=6.446 eta_s=611.8 loss=0.00049 lr=8.50e-04 updates=1112 skipped=0 status=running
PROGRESS phase=train epoch=3/10 scope=whole_split step=1160/2098 elapsed_s=720.0 step_per_s=1.611 sample_per_s=6.444 eta_s=582.2 loss=0.00048 lr=8.48e-04 updates=1160 skipped=0 status=running
  [ep 3] batch 1200/2098  avg_loss 0.00048  0.62s/batch  scale 2.6214e+05
PROGRESS phase=train epoch=3/10 scope=whole_split step=1209/2098 elapsed_s=750.0 step_per_s=1.612 sample_per_s=6.448 eta_s=551.5 loss=0.00048 lr=8.45e-04 updates=1209 skipped=0 status=running
PROGRESS phase=train epoch=3/10 scope=whole_split step=1258/2098 elapsed_s=780.0 step_per_s=1.613 sample_per_s=6.451 eta_s=520.8 loss=0.00048 lr=8.42e-04 updates=1258 skipped=0 status=running
  [ep 3] batch 1300/2098  avg_loss 0.00048  0.61s/batch  scale 2.6214e+05
PROGRESS phase=train epoch=3/10 scope=whole_split step=1307/2098 elapsed_s=810.0 step_per_s=1.614 sample_per_s=6.454 eta_s=490.2 loss=0.00048 lr=8.40e-04 updates=1307 skipped=0 status=running
PROGRESS phase=train epoch=3/10 scope=whole_split step=1356/2098 elapsed_s=840.0 step_per_s=1.614 sample_per_s=6.457 eta_s=459.7 loss=0.00048 lr=8.37e-04 updates=1356 skipped=0 status=running
  [ep 3] batch 1400/2098  avg_loss 0.00048  0.61s/batch  scale 2.6214e+05
PROGRESS phase=train epoch=3/10 scope=whole_split step=1405/2098 elapsed_s=870.0 step_per_s=1.615 sample_per_s=6.460 eta_s=429.1 loss=0.00048 lr=8.34e-04 updates=1405 skipped=0 status=running
PROGRESS phase=train epoch=3/10 scope=whole_split step=1453/2098 elapsed_s=900.0 step_per_s=1.614 sample_per_s=6.458 eta_s=399.5 loss=0.00048 lr=8.32e-04 updates=1453 skipped=0 status=running
  [ep 3] batch 1500/2098  avg_loss 0.00047  0.62s/batch  scale 2.6214e+05
PROGRESS phase=train epoch=3/10 scope=whole_split step=1502/2098 elapsed_s=930.0 step_per_s=1.615 sample_per_s=6.460 eta_s=369.0 loss=0.00047 lr=8.29e-04 updates=1502 skipped=0 status=running
PROGRESS phase=train epoch=3/10 scope=whole_split step=1551/2098 elapsed_s=960.0 step_per_s=1.616 sample_per_s=6.462 eta_s=338.6 loss=0.00047 lr=8.26e-04 updates=1551 skipped=0 status=running
  [ep 3] batch 1600/2098  avg_loss 0.00047  0.62s/batch  scale 2.6214e+05
PROGRESS phase=train epoch=3/10 scope=whole_split step=1600/2098 elapsed_s=990.0 step_per_s=1.616 sample_per_s=6.464 eta_s=308.1 loss=0.00047 lr=8.23e-04 updates=1600 skipped=0 status=running
PROGRESS phase=train epoch=3/10 scope=whole_split step=1648/2098 elapsed_s=1020.0 step_per_s=1.616 sample_per_s=6.463 eta_s=278.5 loss=0.00047 lr=8.20e-04 updates=1648 skipped=0 status=running
PROGRESS phase=train epoch=3/10 scope=whole_split step=1690/2098 elapsed_s=1050.0 step_per_s=1.609 sample_per_s=6.438 eta_s=253.5 loss=0.00047 lr=8.18e-04 updates=1690 skipped=0 status=running
  [ep 3] batch 1700/2098  avg_loss 0.00047  0.67s/batch  scale 2.6214e+05
PROGRESS phase=train epoch=3/10 scope=whole_split step=1736/2098 elapsed_s=1080.0 step_per_s=1.607 sample_per_s=6.429 eta_s=225.2 loss=0.00047 lr=8.15e-04 updates=1736 skipped=0 status=running
PROGRESS phase=train epoch=3/10 scope=whole_split step=1785/2098 elapsed_s=1110.0 step_per_s=1.608 sample_per_s=6.432 eta_s=194.6 loss=0.00047 lr=8.13e-04 updates=1785 skipped=0 status=running
  [ep 3] batch 1800/2098  avg_loss 0.00047  0.62s/batch  scale 2.6214e+05
PROGRESS phase=train epoch=3/10 scope=whole_split step=1833/2098 elapsed_s=1140.0 step_per_s=1.608 sample_per_s=6.431 eta_s=164.8 loss=0.00047 lr=8.10e-04 updates=1833 skipped=0 status=running
PROGRESS phase=train epoch=3/10 scope=whole_split step=1882/2098 elapsed_s=1170.0 step_per_s=1.608 sample_per_s=6.434 eta_s=134.3 loss=0.00047 lr=8.07e-04 updates=1882 skipped=0 status=running
  [ep 3] batch 1900/2098  avg_loss 0.00047  0.61s/batch  scale 5.2429e+05
PROGRESS phase=train epoch=3/10 scope=whole_split step=1931/2098 elapsed_s=1200.0 step_per_s=1.609 sample_per_s=6.436 eta_s=103.8 loss=0.00047 lr=8.04e-04 updates=1931 skipped=0 status=running
PROGRESS phase=train epoch=3/10 scope=whole_split step=1980/2098 elapsed_s=1230.0 step_per_s=1.610 sample_per_s=6.439 eta_s=73.3 loss=0.00046 lr=8.01e-04 updates=1980 skipped=0 status=running
  [ep 3] batch 2000/2098  avg_loss 0.00046  0.62s/batch  scale 5.2429e+05
PROGRESS phase=train epoch=3/10 scope=whole_split step=2029/2098 elapsed_s=1260.0 step_per_s=1.610 sample_per_s=6.441 eta_s=42.9 loss=0.00046 lr=7.98e-04 updates=2029 skipped=0 status=running
PROGRESS phase=train epoch=3/10 scope=whole_split step=2077/2098 elapsed_s=1290.0 step_per_s=1.610 sample_per_s=6.440 eta_s=13.0 loss=0.00046 lr=7.95e-04 updates=2077 skipped=0 status=running
PROGRESS phase=train epoch=3/10 scope=whole_split step=2098/2098 elapsed_s=1302.8 step_per_s=1.610 sample_per_s=6.442 loss=0.00046 lr=7.94e-04 updates=2098 skipped=0 status=phase_done
PROGRESS phase=val epoch=3/10 scope=whole_split batch=0/6 elapsed_s=0.0 status=start
PROGRESS phase=val epoch=3/10 scope=whole_split batch=6/6 elapsed_s=1.4 batch_per_s=4.263 rel_l2=0.56866 status=phase_done
epoch 3/10  1304.2s  train_loss 0.00046  val_masked_relL2 0.56866  updates/rank 2098 (skipped across ranks 0)  max_lead 1  grad_scale 5.2429e+05  lr 7.94e-04
PROGRESS phase=train epoch=4/10 scope=whole_split step=0/2098 elapsed_s=0.0 status=start
PROGRESS phase=train epoch=4/10 scope=whole_split step=48/2098 elapsed_s=30.0 step_per_s=1.600 sample_per_s=6.400 eta_s=1281.3 loss=0.00039 lr=7.91e-04 updates=48 skipped=0 status=running
PROGRESS phase=train epoch=4/10 scope=whole_split step=97/2098 elapsed_s=60.0 step_per_s=1.617 sample_per_s=6.466 eta_s=1237.8 loss=0.00038 lr=7.88e-04 updates=97 skipped=0 status=running
  [ep 4] batch 100/2098  avg_loss 0.00038  0.62s/batch  scale 5.2429e+05
PROGRESS phase=train epoch=4/10 scope=whole_split step=145/2098 elapsed_s=90.0 step_per_s=1.611 sample_per_s=6.444 eta_s=1212.3 loss=0.00037 lr=7.85e-04 updates=145 skipped=0 status=running
PROGRESS phase=train epoch=4/10 scope=whole_split step=194/2098 elapsed_s=120.0 step_per_s=1.617 sample_per_s=6.466 eta_s=1177.8 loss=0.00038 lr=7.82e-04 updates=194 skipped=0 status=running
  [ep 4] batch 200/2098  avg_loss 0.00038  0.61s/batch  scale 5.2429e+05
PROGRESS phase=train epoch=4/10 scope=whole_split step=243/2098 elapsed_s=150.0 step_per_s=1.620 sample_per_s=6.480 eta_s=1145.1 loss=0.00038 lr=7.79e-04 updates=243 skipped=0 status=running
PROGRESS phase=train epoch=4/10 scope=whole_split step=292/2098 elapsed_s=180.0 step_per_s=1.622 sample_per_s=6.489 eta_s=1113.3 loss=0.00039 lr=7.76e-04 updates=292 skipped=0 status=running
  [ep 4] batch 300/2098  avg_loss 0.00038  0.61s/batch  scale 5.2429e+05
PROGRESS phase=train epoch=4/10 scope=whole_split step=340/2098 elapsed_s=210.0 step_per_s=1.619 sample_per_s=6.476 eta_s=1085.9 loss=0.00038 lr=7.73e-04 updates=340 skipped=0 status=running
PROGRESS phase=train epoch=4/10 scope=whole_split step=389/2098 elapsed_s=240.0 step_per_s=1.621 sample_per_s=6.483 eta_s=1054.4 loss=0.00038 lr=7.70e-04 updates=389 skipped=0 status=running
  [ep 4] batch 400/2098  avg_loss 0.00037  0.62s/batch  scale 5.2429e+05
PROGRESS phase=train epoch=4/10 scope=whole_split step=430/2098 elapsed_s=270.0 step_per_s=1.593 sample_per_s=6.370 eta_s=1047.4 loss=0.00037 lr=7.67e-04 updates=430 skipped=0 status=running
PROGRESS phase=train epoch=4/10 scope=whole_split step=477/2098 elapsed_s=300.0 step_per_s=1.590 sample_per_s=6.360 eta_s=1019.5 loss=0.00038 lr=7.64e-04 updates=477 skipped=0 status=running
  [ep 4] batch 500/2098  avg_loss 0.00038  0.68s/batch  scale 5.2429e+05
PROGRESS phase=train epoch=4/10 scope=whole_split step=526/2098 elapsed_s=330.0 step_per_s=1.594 sample_per_s=6.376 eta_s=986.3 loss=0.00039 lr=7.61e-04 updates=526 skipped=0 status=running
PROGRESS phase=train epoch=4/10 scope=whole_split step=574/2098 elapsed_s=360.0 step_per_s=1.594 sample_per_s=6.378 eta_s=955.9 loss=0.00039 lr=7.58e-04 updates=574 skipped=0 status=running
  [ep 4] batch 600/2098  avg_loss 0.00039  0.61s/batch  scale 5.2429e+05
PROGRESS phase=train epoch=4/10 scope=whole_split step=623/2098 elapsed_s=390.0 step_per_s=1.597 sample_per_s=6.390 eta_s=923.4 loss=0.00039 lr=7.55e-04 updates=623 skipped=0 status=running
PROGRESS phase=train epoch=4/10 scope=whole_split step=672/2098 elapsed_s=420.0 step_per_s=1.600 sample_per_s=6.400 eta_s=891.3 loss=0.00039 lr=7.52e-04 updates=672 skipped=0 status=running
  [ep 4] batch 700/2098  avg_loss 0.00039  0.61s/batch  scale 5.2429e+05
PROGRESS phase=train epoch=4/10 scope=whole_split step=721/2098 elapsed_s=450.0 step_per_s=1.602 sample_per_s=6.409 eta_s=859.5 loss=0.00039 lr=7.49e-04 updates=721 skipped=0 status=running
PROGRESS phase=train epoch=4/10 scope=whole_split step=770/2098 elapsed_s=480.0 step_per_s=1.604 sample_per_s=6.416 eta_s=827.9 loss=0.00039 lr=7.45e-04 updates=770 skipped=0 status=running
  [ep 4] batch 800/2098  avg_loss 0.00039  0.61s/batch  scale 5.2429e+05
PROGRESS phase=train epoch=4/10 scope=whole_split step=819/2098 elapsed_s=510.0 step_per_s=1.606 sample_per_s=6.423 eta_s=796.5 loss=0.00039 lr=7.42e-04 updates=819 skipped=0 status=running
PROGRESS phase=train epoch=4/10 scope=whole_split step=868/2098 elapsed_s=540.0 step_per_s=1.607 sample_per_s=6.429 eta_s=765.2 loss=0.00039 lr=7.39e-04 updates=868 skipped=0 status=running
  [ep 4] batch 900/2098  avg_loss 0.00039  0.61s/batch  scale 5.2429e+05
PROGRESS phase=train epoch=4/10 scope=whole_split step=916/2098 elapsed_s=570.0 step_per_s=1.607 sample_per_s=6.428 eta_s=735.5 loss=0.00039 lr=7.36e-04 updates=916 skipped=0 status=running
PROGRESS phase=train epoch=4/10 scope=whole_split step=965/2098 elapsed_s=600.0 step_per_s=1.608 sample_per_s=6.433 eta_s=704.5 loss=0.00039 lr=7.33e-04 updates=965 skipped=0 status=running
  [ep 4] batch 1000/2098  avg_loss 0.00038  0.61s/batch  scale 5.2429e+05
PROGRESS phase=train epoch=4/10 scope=whole_split step=1014/2098 elapsed_s=630.0 step_per_s=1.609 sample_per_s=6.438 eta_s=673.5 loss=0.00038 lr=7.29e-04 updates=1014 skipped=0 status=running
PROGRESS phase=train epoch=4/10 scope=whole_split step=1063/2098 elapsed_s=660.0 step_per_s=1.611 sample_per_s=6.442 eta_s=642.6 loss=0.00038 lr=7.26e-04 updates=1063 skipped=0 status=running
  [ep 4] batch 1100/2098  avg_loss 0.00038  0.61s/batch  scale 5.2429e+05
PROGRESS phase=train epoch=4/10 scope=whole_split step=1112/2098 elapsed_s=690.0 step_per_s=1.612 sample_per_s=6.446 eta_s=611.8 loss=0.00038 lr=7.23e-04 updates=1112 skipped=0 status=running
PROGRESS phase=train epoch=4/10 scope=whole_split step=1161/2098 elapsed_s=720.0 step_per_s=1.612 sample_per_s=6.450 eta_s=581.1 loss=0.00038 lr=7.19e-04 updates=1161 skipped=0 status=running
  [ep 4] batch 1200/2098  avg_loss 0.00038  0.61s/batch  scale 5.2429e+05
PROGRESS phase=train epoch=4/10 scope=whole_split step=1210/2098 elapsed_s=750.0 step_per_s=1.613 sample_per_s=6.453 eta_s=550.4 loss=0.00038 lr=7.16e-04 updates=1210 skipped=0 status=running
PROGRESS phase=train epoch=4/10 scope=whole_split step=1259/2098 elapsed_s=780.0 step_per_s=1.614 sample_per_s=6.456 eta_s=519.8 loss=0.00038 lr=7.13e-04 updates=1259 skipped=0 status=running
  [ep 4] batch 1300/2098  avg_loss 0.00038  0.61s/batch  scale 5.2429e+05
PROGRESS phase=train epoch=4/10 scope=whole_split step=1308/2098 elapsed_s=810.0 step_per_s=1.615 sample_per_s=6.459 eta_s=489.2 loss=0.00038 lr=7.10e-04 updates=1308 skipped=0 status=running
PROGRESS phase=train epoch=4/10 scope=whole_split step=1357/2098 elapsed_s=840.0 step_per_s=1.615 sample_per_s=6.462 eta_s=458.7 loss=0.00038 lr=7.06e-04 updates=1357 skipped=0 status=running
  [ep 4] batch 1400/2098  avg_loss 0.00038  0.61s/batch  scale 5.2429e+05
PROGRESS phase=train epoch=4/10 scope=whole_split step=1406/2098 elapsed_s=870.0 step_per_s=1.616 sample_per_s=6.464 eta_s=428.2 loss=0.00038 lr=7.03e-04 updates=1406 skipped=0 status=running
PROGRESS phase=train epoch=4/10 scope=whole_split step=1455/2098 elapsed_s=900.0 step_per_s=1.617 sample_per_s=6.466 eta_s=397.7 loss=0.00038 lr=7.00e-04 updates=1455 skipped=0 status=running
  [ep 4] batch 1500/2098  avg_loss 0.00037  0.62s/batch  scale 5.2429e+05
PROGRESS phase=train epoch=4/10 scope=whole_split step=1503/2098 elapsed_s=930.0 step_per_s=1.616 sample_per_s=6.464 eta_s=368.2 loss=0.00037 lr=6.96e-04 updates=1503 skipped=0 status=running
PROGRESS phase=train epoch=4/10 scope=whole_split step=1552/2098 elapsed_s=960.0 step_per_s=1.617 sample_per_s=6.466 eta_s=337.7 loss=0.00037 lr=6.93e-04 updates=1552 skipped=0 status=running
  [ep 4] batch 1600/2098  avg_loss 0.00037  0.62s/batch  scale 5.2429e+05
PROGRESS phase=train epoch=4/10 scope=whole_split step=1600/2098 elapsed_s=990.0 step_per_s=1.616 sample_per_s=6.464 eta_s=308.1 loss=0.00037 lr=6.90e-04 updates=1600 skipped=0 status=running
PROGRESS phase=train epoch=4/10 scope=whole_split step=1649/2098 elapsed_s=1020.0 step_per_s=1.617 sample_per_s=6.466 eta_s=277.7 loss=0.00037 lr=6.86e-04 updates=1649 skipped=0 status=running
PROGRESS phase=train epoch=4/10 scope=whole_split step=1698/2098 elapsed_s=1050.0 step_per_s=1.617 sample_per_s=6.468 eta_s=247.4 loss=0.00037 lr=6.83e-04 updates=1698 skipped=0 status=running
  [ep 4] batch 1700/2098  avg_loss 0.00038  0.62s/batch  scale 5.2429e+05
PROGRESS phase=train epoch=4/10 scope=whole_split step=1746/2098 elapsed_s=1080.0 step_per_s=1.617 sample_per_s=6.466 eta_s=217.7 loss=0.00037 lr=6.79e-04 updates=1746 skipped=0 status=running
PROGRESS phase=train epoch=4/10 scope=whole_split step=1795/2098 elapsed_s=1110.0 step_per_s=1.617 sample_per_s=6.468 eta_s=187.4 loss=0.00037 lr=6.76e-04 updates=1795 skipped=0 status=running
  [ep 4] batch 1800/2098  avg_loss 0.00037  0.62s/batch  scale 1.0486e+06
PROGRESS phase=train epoch=4/10 scope=whole_split step=1843/2098 elapsed_s=1140.0 step_per_s=1.617 sample_per_s=6.466 eta_s=157.7 loss=0.00037 lr=6.73e-04 updates=1843 skipped=0 status=running
PROGRESS phase=train epoch=4/10 scope=whole_split step=1892/2098 elapsed_s=1170.0 step_per_s=1.617 sample_per_s=6.468 eta_s=127.4 loss=0.00037 lr=6.69e-04 updates=1892 skipped=0 status=running
  [ep 4] batch 1900/2098  avg_loss 0.00037  0.62s/batch  scale 1.0486e+06
PROGRESS phase=train epoch=4/10 scope=whole_split step=1941/2098 elapsed_s=1200.0 step_per_s=1.617 sample_per_s=6.470 eta_s=97.1 loss=0.00037 lr=6.66e-04 updates=1941 skipped=0 status=running
PROGRESS phase=train epoch=4/10 scope=whole_split step=1990/2098 elapsed_s=1230.0 step_per_s=1.618 sample_per_s=6.471 eta_s=66.8 loss=0.00037 lr=6.62e-04 updates=1990 skipped=0 status=running
  [ep 4] batch 2000/2098  avg_loss 0.00037  0.61s/batch  scale 1.0486e+06
PROGRESS phase=train epoch=4/10 scope=whole_split step=2039/2098 elapsed_s=1260.0 step_per_s=1.618 sample_per_s=6.473 eta_s=36.5 loss=0.00037 lr=6.59e-04 updates=2039 skipped=0 status=running
PROGRESS phase=train epoch=4/10 scope=whole_split step=2087/2098 elapsed_s=1290.0 step_per_s=1.618 sample_per_s=6.471 eta_s=6.8 loss=0.00037 lr=6.55e-04 updates=2087 skipped=0 status=running
PROGRESS phase=train epoch=4/10 scope=whole_split step=2098/2098 elapsed_s=1296.6 step_per_s=1.618 sample_per_s=6.472 loss=0.00037 lr=6.55e-04 updates=2098 skipped=0 status=phase_done
PROGRESS phase=val epoch=4/10 scope=whole_split batch=0/6 elapsed_s=0.0 status=start
PROGRESS phase=val epoch=4/10 scope=whole_split batch=6/6 elapsed_s=1.4 batch_per_s=4.196 rel_l2=0.56926 status=phase_done
epoch 4/10  1298.1s  train_loss 0.00037  val_masked_relL2 0.56926  updates/rank 2098 (skipped across ranks 0)  max_lead 1  grad_scale 1.0486e+06  lr 6.55e-04
PROGRESS phase=train epoch=5/10 scope=whole_split step=0/2098 elapsed_s=0.0 status=start
PROGRESS phase=train epoch=5/10 scope=whole_split step=48/2098 elapsed_s=30.0 step_per_s=1.600 sample_per_s=6.400 eta_s=1281.3 loss=0.00037 lr=6.51e-04 updates=48 skipped=0 status=running
PROGRESS phase=train epoch=5/10 scope=whole_split step=96/2098 elapsed_s=60.0 step_per_s=1.600 sample_per_s=6.400 eta_s=1251.3 loss=0.00038 lr=6.48e-04 updates=96 skipped=0 status=running
  [ep 5] batch 100/2098  avg_loss 0.00038  0.62s/batch  scale 1.0486e+06
PROGRESS phase=train epoch=5/10 scope=whole_split step=145/2098 elapsed_s=90.0 step_per_s=1.611 sample_per_s=6.444 eta_s=1212.3 loss=0.00037 lr=6.44e-04 updates=145 skipped=0 status=running
PROGRESS phase=train epoch=5/10 scope=whole_split step=194/2098 elapsed_s=120.0 step_per_s=1.617 sample_per_s=6.466 eta_s=1177.8 loss=0.00036 lr=6.41e-04 updates=194 skipped=0 status=running
  [ep 5] batch 200/2098  avg_loss 0.00036  0.62s/batch  scale 1.0486e+06
PROGRESS phase=train epoch=5/10 scope=whole_split step=233/2098 elapsed_s=150.0 step_per_s=1.553 sample_per_s=6.213 eta_s=1200.7 loss=0.00036 lr=6.38e-04 updates=233 skipped=0 status=running
PROGRESS phase=train epoch=5/10 scope=whole_split step=281/2098 elapsed_s=180.0 step_per_s=1.561 sample_per_s=6.244 eta_s=1164.0 loss=0.00036 lr=6.34e-04 updates=281 skipped=0 status=running
  [ep 5] batch 300/2098  avg_loss 0.00035  0.68s/batch  scale 1.0486e+06
PROGRESS phase=train epoch=5/10 scope=whole_split step=330/2098 elapsed_s=210.0 step_per_s=1.571 sample_per_s=6.285 eta_s=1125.1 loss=0.00035 lr=6.31e-04 updates=330 skipped=0 status=running
PROGRESS phase=train epoch=5/10 scope=whole_split step=379/2098 elapsed_s=240.0 step_per_s=1.579 sample_per_s=6.316 eta_s=1088.6 loss=0.00034 lr=6.27e-04 updates=379 skipped=0 status=running
  [ep 5] batch 400/2098  avg_loss 0.00034  0.62s/batch  scale 1.0486e+06
PROGRESS phase=train epoch=5/10 scope=whole_split step=428/2098 elapsed_s=270.0 step_per_s=1.585 sample_per_s=6.340 eta_s=1053.5 loss=0.00034 lr=6.24e-04 updates=428 skipped=0 status=running
PROGRESS phase=train epoch=5/10 scope=whole_split step=476/2098 elapsed_s=300.0 step_per_s=1.587 sample_per_s=6.346 eta_s=1022.3 loss=0.00033 lr=6.20e-04 updates=476 skipped=0 status=running
  [ep 5] batch 500/2098  avg_loss 0.00033  0.62s/batch  scale 1.0486e+06
PROGRESS phase=train epoch=5/10 scope=whole_split step=525/2098 elapsed_s=330.0 step_per_s=1.591 sample_per_s=6.363 eta_s=988.8 loss=0.00033 lr=6.17e-04 updates=525 skipped=0 status=running
PROGRESS phase=train epoch=5/10 scope=whole_split step=574/2098 elapsed_s=360.0 step_per_s=1.594 sample_per_s=6.378 eta_s=955.9 loss=0.00034 lr=6.13e-04 updates=574 skipped=0 status=running
  [ep 5] batch 600/2098  avg_loss 0.00033  0.61s/batch  scale 1.0486e+06
PROGRESS phase=train epoch=5/10 scope=whole_split step=623/2098 elapsed_s=390.0 step_per_s=1.597 sample_per_s=6.389 eta_s=923.4 loss=0.00033 lr=6.10e-04 updates=623 skipped=0 status=running
PROGRESS phase=train epoch=5/10 scope=whole_split step=672/2098 elapsed_s=420.0 step_per_s=1.600 sample_per_s=6.400 eta_s=891.3 loss=0.00033 lr=6.06e-04 updates=672 skipped=0 status=running
  [ep 5] batch 700/2098  avg_loss 0.00033  0.61s/batch  scale 1.0486e+06
PROGRESS phase=train epoch=5/10 scope=whole_split step=721/2098 elapsed_s=450.0 step_per_s=1.602 sample_per_s=6.409 eta_s=859.5 loss=0.00033 lr=6.02e-04 updates=721 skipped=0 status=running
PROGRESS phase=train epoch=5/10 scope=whole_split step=770/2098 elapsed_s=480.0 step_per_s=1.604 sample_per_s=6.416 eta_s=827.9 loss=0.00033 lr=5.99e-04 updates=770 skipped=0 status=running
  [ep 5] batch 800/2098  avg_loss 0.00033  0.61s/batch  scale 1.0486e+06
PROGRESS phase=train epoch=5/10 scope=whole_split step=819/2098 elapsed_s=510.0 step_per_s=1.606 sample_per_s=6.423 eta_s=796.5 loss=0.00033 lr=5.95e-04 updates=819 skipped=0 status=running
PROGRESS phase=train epoch=5/10 scope=whole_split step=868/2098 elapsed_s=540.0 step_per_s=1.607 sample_per_s=6.429 eta_s=765.2 loss=0.00033 lr=5.92e-04 updates=868 skipped=0 status=running
  [ep 5] batch 900/2098  avg_loss 0.00033  0.62s/batch  scale 1.0486e+06
PROGRESS phase=train epoch=5/10 scope=whole_split step=916/2098 elapsed_s=570.0 step_per_s=1.607 sample_per_s=6.428 eta_s=735.6 loss=0.00033 lr=5.88e-04 updates=916 skipped=0 status=running
PROGRESS phase=train epoch=5/10 scope=whole_split step=965/2098 elapsed_s=600.0 step_per_s=1.608 sample_per_s=6.433 eta_s=704.5 loss=0.00033 lr=5.84e-04 updates=965 skipped=0 status=running
  [ep 5] batch 1000/2098  avg_loss 0.00033  0.62s/batch  scale 1.0486e+06
PROGRESS phase=train epoch=5/10 scope=whole_split step=1014/2098 elapsed_s=630.0 step_per_s=1.609 sample_per_s=6.438 eta_s=673.5 loss=0.00033 lr=5.81e-04 updates=1014 skipped=0 status=running
PROGRESS phase=train epoch=5/10 scope=whole_split step=1062/2098 elapsed_s=660.0 step_per_s=1.609 sample_per_s=6.436 eta_s=643.9 loss=0.00033 lr=5.77e-04 updates=1062 skipped=0 status=running
  [ep 5] batch 1100/2098  avg_loss 0.00033  0.62s/batch  scale 1.0486e+06
PROGRESS phase=train epoch=5/10 scope=whole_split step=1111/2098 elapsed_s=690.0 step_per_s=1.610 sample_per_s=6.440 eta_s=613.0 loss=0.00033 lr=5.74e-04 updates=1111 skipped=0 status=running
PROGRESS phase=train epoch=5/10 scope=whole_split step=1160/2098 elapsed_s=720.0 step_per_s=1.611 sample_per_s=6.444 eta_s=582.2 loss=0.00033 lr=5.70e-04 updates=1160 skipped=0 status=running
  [ep 5] batch 1200/2098  avg_loss 0.00033  0.62s/batch  scale 1.0486e+06
PROGRESS phase=train epoch=5/10 scope=whole_split step=1209/2098 elapsed_s=750.0 step_per_s=1.612 sample_per_s=6.448 eta_s=551.5 loss=0.00033 lr=5.66e-04 updates=1209 skipped=0 status=running
PROGRESS phase=train epoch=5/10 scope=whole_split step=1257/2098 elapsed_s=780.0 step_per_s=1.611 sample_per_s=6.446 eta_s=521.9 loss=0.00033 lr=5.63e-04 updates=1257 skipped=0 status=running
  [ep 5] batch 1300/2098  avg_loss 0.00033  0.62s/batch  scale 1.0486e+06
PROGRESS phase=train epoch=5/10 scope=whole_split step=1306/2098 elapsed_s=810.0 step_per_s=1.612 sample_per_s=6.449 eta_s=491.2 loss=0.00033 lr=5.59e-04 updates=1306 skipped=0 status=running
PROGRESS phase=train epoch=5/10 scope=whole_split step=1355/2098 elapsed_s=840.0 step_per_s=1.613 sample_per_s=6.452 eta_s=460.6 loss=0.00033 lr=5.56e-04 updates=1355 skipped=0 status=running
  [ep 5] batch 1400/2098  avg_loss 0.00033  0.62s/batch  scale 1.0486e+06
PROGRESS phase=train epoch=5/10 scope=whole_split step=1404/2098 elapsed_s=870.0 step_per_s=1.614 sample_per_s=6.455 eta_s=430.1 loss=0.00033 lr=5.52e-04 updates=1404 skipped=0 status=running
PROGRESS phase=train epoch=5/10 scope=whole_split step=1452/2098 elapsed_s=900.0 step_per_s=1.613 sample_per_s=6.453 eta_s=400.4 loss=0.00033 lr=5.48e-04 updates=1452 skipped=0 status=running
  [ep 5] batch 1500/2098  avg_loss 0.00033  0.62s/batch  scale 1.0486e+06
PROGRESS phase=train epoch=5/10 scope=whole_split step=1501/2098 elapsed_s=930.0 step_per_s=1.614 sample_per_s=6.456 eta_s=369.9 loss=0.00033 lr=5.45e-04 updates=1501 skipped=0 status=running
PROGRESS phase=train epoch=5/10 scope=whole_split step=1550/2098 elapsed_s=960.0 step_per_s=1.615 sample_per_s=6.458 eta_s=339.4 loss=0.00033 lr=5.41e-04 updates=1550 skipped=0 status=running
PROGRESS phase=train epoch=5/10 scope=whole_split step=1599/2098 elapsed_s=990.0 step_per_s=1.615 sample_per_s=6.460 eta_s=309.0 loss=0.00033 lr=5.37e-04 updates=1599 skipped=0 status=running
  [ep 5] batch 1600/2098  avg_loss 0.00033  0.62s/batch  scale 1.0486e+06
PROGRESS phase=train epoch=5/10 scope=whole_split step=1647/2098 elapsed_s=1020.0 step_per_s=1.615 sample_per_s=6.459 eta_s=279.3 loss=0.00033 lr=5.34e-04 updates=1647 skipped=0 status=running
PROGRESS phase=train epoch=5/10 scope=whole_split step=1696/2098 elapsed_s=1050.0 step_per_s=1.615 sample_per_s=6.461 eta_s=248.9 loss=0.00033 lr=5.30e-04 updates=1696 skipped=0 status=running
  [ep 5] batch 1700/2098  avg_loss 0.00033  0.61s/batch  scale 2.0972e+06
PROGRESS phase=train epoch=5/10 scope=whole_split step=1745/2098 elapsed_s=1080.0 step_per_s=1.616 sample_per_s=6.463 eta_s=218.5 loss=0.00033 lr=5.26e-04 updates=1745 skipped=0 status=running
PROGRESS phase=train epoch=5/10 scope=whole_split step=1794/2098 elapsed_s=1110.0 step_per_s=1.616 sample_per_s=6.465 eta_s=188.1 loss=0.00032 lr=5.23e-04 updates=1794 skipped=0 status=running
  [ep 5] batch 1800/2098  avg_loss 0.00032  0.62s/batch  scale 2.0972e+06
PROGRESS phase=train epoch=5/10 scope=whole_split step=1842/2098 elapsed_s=1140.0 step_per_s=1.616 sample_per_s=6.463 eta_s=158.4 loss=0.00032 lr=5.19e-04 updates=1842 skipped=0 status=running
PROGRESS phase=train epoch=5/10 scope=whole_split step=1891/2098 elapsed_s=1170.0 step_per_s=1.616 sample_per_s=6.465 eta_s=128.1 loss=0.00032 lr=5.15e-04 updates=1891 skipped=0 status=running
  [ep 5] batch 1900/2098  avg_loss 0.00032  0.62s/batch  scale 2.0972e+06
PROGRESS phase=train epoch=5/10 scope=whole_split step=1940/2098 elapsed_s=1200.0 step_per_s=1.617 sample_per_s=6.466 eta_s=97.7 loss=0.00032 lr=5.12e-04 updates=1940 skipped=0 status=running
PROGRESS phase=train epoch=5/10 scope=whole_split step=1989/2098 elapsed_s=1230.0 step_per_s=1.617 sample_per_s=6.468 eta_s=67.4 loss=0.00032 lr=5.08e-04 updates=1989 skipped=0 status=running
  [ep 5] batch 2000/2098  avg_loss 0.00032  0.62s/batch  scale 2.0972e+06
PROGRESS phase=train epoch=5/10 scope=whole_split step=2037/2098 elapsed_s=1260.0 step_per_s=1.617 sample_per_s=6.466 eta_s=37.7 loss=0.00032 lr=5.05e-04 updates=2037 skipped=0 status=running
PROGRESS phase=train epoch=5/10 scope=whole_split step=2086/2098 elapsed_s=1290.0 step_per_s=1.617 sample_per_s=6.468 eta_s=7.4 loss=0.00032 lr=5.01e-04 updates=2086 skipped=0 status=running
PROGRESS phase=train epoch=5/10 scope=whole_split step=2098/2098 elapsed_s=1297.7 step_per_s=1.617 sample_per_s=6.467 loss=0.00032 lr=5.00e-04 updates=2098 skipped=0 status=phase_done
PROGRESS phase=val epoch=5/10 scope=whole_split batch=0/6 elapsed_s=0.0 status=start
PROGRESS phase=val epoch=5/10 scope=whole_split batch=6/6 elapsed_s=1.5 batch_per_s=4.034 rel_l2=0.46305 status=phase_done
epoch 5/10  1299.2s  train_loss 0.00032  val_masked_relL2 0.46305  updates/rank 2098 (skipped across ranks 0)  max_lead 1  grad_scale 2.0972e+06  lr 5.00e-04
PROGRESS phase=train epoch=6/10 scope=whole_split step=0/2098 elapsed_s=0.0 status=start
PROGRESS phase=train epoch=6/10 scope=whole_split step=48/2098 elapsed_s=30.0 step_per_s=1.600 sample_per_s=6.400 eta_s=1281.3 loss=0.00028 lr=4.96e-04 updates=48 skipped=0 status=running
PROGRESS phase=train epoch=6/10 scope=whole_split step=97/2098 elapsed_s=60.0 step_per_s=1.617 sample_per_s=6.466 eta_s=1237.8 loss=0.00028 lr=4.93e-04 updates=97 skipped=0 status=running
  [ep 6] batch 100/2098  avg_loss 0.00028  0.62s/batch  scale 2.0972e+06
PROGRESS phase=train epoch=6/10 scope=whole_split step=145/2098 elapsed_s=90.0 step_per_s=1.611 sample_per_s=6.444 eta_s=1212.2 loss=0.00028 lr=4.89e-04 updates=145 skipped=0 status=running
PROGRESS phase=train epoch=6/10 scope=whole_split step=194/2098 elapsed_s=120.0 step_per_s=1.617 sample_per_s=6.466 eta_s=1177.8 loss=0.00028 lr=4.85e-04 updates=194 skipped=0 status=running
  [ep 6] batch 200/2098  avg_loss 0.00028  0.62s/batch  scale 2.0972e+06
PROGRESS phase=train epoch=6/10 scope=whole_split step=243/2098 elapsed_s=150.0 step_per_s=1.620 sample_per_s=6.480 eta_s=1145.1 loss=0.00030 lr=4.82e-04 updates=243 skipped=0 status=running
PROGRESS phase=train epoch=6/10 scope=whole_split step=291/2098 elapsed_s=180.0 step_per_s=1.617 sample_per_s=6.466 eta_s=1117.8 loss=0.00030 lr=4.78e-04 updates=291 skipped=0 status=running
  [ep 6] batch 300/2098  avg_loss 0.00030  0.62s/batch  scale 2.0972e+06
PROGRESS phase=train epoch=6/10 scope=whole_split step=340/2098 elapsed_s=210.0 step_per_s=1.619 sample_per_s=6.476 eta_s=1085.9 loss=0.00030 lr=4.75e-04 updates=340 skipped=0 status=running
PROGRESS phase=train epoch=6/10 scope=whole_split step=389/2098 elapsed_s=240.0 step_per_s=1.621 sample_per_s=6.483 eta_s=1054.4 loss=0.00029 lr=4.71e-04 updates=389 skipped=0 status=running
  [ep 6] batch 400/2098  avg_loss 0.00030  0.62s/batch  scale 2.0972e+06
PROGRESS phase=train epoch=6/10 scope=whole_split step=437/2098 elapsed_s=270.0 step_per_s=1.618 sample_per_s=6.474 eta_s=1026.3 loss=0.00030 lr=4.67e-04 updates=437 skipped=0 status=running
PROGRESS phase=train epoch=6/10 scope=whole_split step=486/2098 elapsed_s=300.0 step_per_s=1.620 sample_per_s=6.480 eta_s=995.1 loss=0.00030 lr=4.64e-04 updates=486 skipped=0 status=running
  [ep 6] batch 500/2098  avg_loss 0.00030  0.62s/batch  scale 2.0972e+06
PROGRESS phase=train epoch=6/10 scope=whole_split step=535/2098 elapsed_s=330.0 step_per_s=1.621 sample_per_s=6.485 eta_s=964.1 loss=0.00030 lr=4.60e-04 updates=535 skipped=0 status=running
PROGRESS phase=train epoch=6/10 scope=whole_split step=584/2098 elapsed_s=360.0 step_per_s=1.622 sample_per_s=6.489 eta_s=933.3 loss=0.00030 lr=4.56e-04 updates=584 skipped=0 status=running
  [ep 6] batch 600/2098  avg_loss 0.00030  0.62s/batch  scale 2.0972e+06
PROGRESS phase=train epoch=6/10 scope=whole_split step=632/2098 elapsed_s=390.0 step_per_s=1.620 sample_per_s=6.482 eta_s=904.7 loss=0.00030 lr=4.53e-04 updates=632 skipped=0 status=running
PROGRESS phase=train epoch=6/10 scope=whole_split step=681/2098 elapsed_s=420.0 step_per_s=1.621 sample_per_s=6.485 eta_s=874.0 loss=0.00030 lr=4.49e-04 updates=681 skipped=0 status=running
  [ep 6] batch 700/2098  avg_loss 0.00030  0.62s/batch  scale 2.0972e+06
PROGRESS phase=train epoch=6/10 scope=whole_split step=730/2098 elapsed_s=450.0 step_per_s=1.622 sample_per_s=6.489 eta_s=843.3 loss=0.00030 lr=4.45e-04 updates=730 skipped=0 status=running
PROGRESS phase=train epoch=6/10 scope=whole_split step=779/2098 elapsed_s=480.0 step_per_s=1.623 sample_per_s=6.491 eta_s=812.8 loss=0.00030 lr=4.42e-04 updates=779 skipped=0 status=running
  [ep 6] batch 800/2098  avg_loss 0.00030  0.61s/batch  scale 2.0972e+06
PROGRESS phase=train epoch=6/10 scope=whole_split step=828/2098 elapsed_s=510.0 step_per_s=1.623 sample_per_s=6.494 eta_s=782.3 loss=0.00030 lr=4.38e-04 updates=828 skipped=0 status=running
PROGRESS phase=train epoch=6/10 scope=whole_split step=876/2098 elapsed_s=540.0 step_per_s=1.622 sample_per_s=6.489 eta_s=753.3 loss=0.00030 lr=4.35e-04 updates=876 skipped=0 status=running
  [ep 6] batch 900/2098  avg_loss 0.00030  0.61s/batch  scale 2.0972e+06
PROGRESS phase=train epoch=6/10 scope=whole_split step=925/2098 elapsed_s=570.0 step_per_s=1.623 sample_per_s=6.491 eta_s=722.8 loss=0.00029 lr=4.31e-04 updates=925 skipped=0 status=running
PROGRESS phase=train epoch=6/10 scope=whole_split step=974/2098 elapsed_s=600.0 step_per_s=1.623 sample_per_s=6.493 eta_s=692.4 loss=0.00029 lr=4.27e-04 updates=974 skipped=0 status=running
  [ep 6] batch 1000/2098  avg_loss 0.00029  0.61s/batch  scale 2.0972e+06
PROGRESS phase=train epoch=6/10 scope=whole_split step=1023/2098 elapsed_s=630.0 step_per_s=1.624 sample_per_s=6.495 eta_s=662.0 loss=0.00029 lr=4.24e-04 updates=1023 skipped=0 status=running
PROGRESS phase=train epoch=6/10 scope=whole_split step=1072/2098 elapsed_s=660.0 step_per_s=1.624 sample_per_s=6.497 eta_s=631.7 loss=0.00029 lr=4.20e-04 updates=1072 skipped=0 status=running
  [ep 6] batch 1100/2098  avg_loss 0.00029  0.61s/batch  scale 2.0972e+06
PROGRESS phase=train epoch=6/10 scope=whole_split step=1121/2098 elapsed_s=690.0 step_per_s=1.625 sample_per_s=6.498 eta_s=601.4 loss=0.00029 lr=4.16e-04 updates=1121 skipped=0 status=running
PROGRESS phase=train epoch=6/10 scope=whole_split step=1170/2098 elapsed_s=720.0 step_per_s=1.625 sample_per_s=6.500 eta_s=571.1 loss=0.00029 lr=4.13e-04 updates=1170 skipped=0 status=running
  [ep 6] batch 1200/2098  avg_loss 0.00029  0.61s/batch  scale 2.0972e+06
PROGRESS phase=train epoch=6/10 scope=whole_split step=1219/2098 elapsed_s=750.0 step_per_s=1.625 sample_per_s=6.501 eta_s=540.8 loss=0.00029 lr=4.09e-04 updates=1219 skipped=0 status=running
PROGRESS phase=train epoch=6/10 scope=whole_split step=1268/2098 elapsed_s=780.0 step_per_s=1.626 sample_per_s=6.502 eta_s=510.6 loss=0.00029 lr=4.06e-04 updates=1268 skipped=0 status=running
  [ep 6] batch 1300/2098  avg_loss 0.00029  0.61s/batch  scale 2.0972e+06
PROGRESS phase=train epoch=6/10 scope=whole_split step=1317/2098 elapsed_s=810.0 step_per_s=1.626 sample_per_s=6.503 eta_s=480.4 loss=0.00029 lr=4.02e-04 updates=1317 skipped=0 status=running
PROGRESS phase=train epoch=6/10 scope=whole_split step=1355/2098 elapsed_s=840.0 step_per_s=1.613 sample_per_s=6.452 eta_s=460.6 loss=0.00029 lr=3.99e-04 updates=1355 skipped=0 status=running
  [ep 6] batch 1400/2098  avg_loss 0.00029  0.68s/batch  scale 2.0972e+06
PROGRESS phase=train epoch=6/10 scope=whole_split step=1404/2098 elapsed_s=870.0 step_per_s=1.614 sample_per_s=6.455 eta_s=430.1 loss=0.00029 lr=3.96e-04 updates=1404 skipped=0 status=running
PROGRESS phase=train epoch=6/10 scope=whole_split step=1453/2098 elapsed_s=900.0 step_per_s=1.614 sample_per_s=6.458 eta_s=399.5 loss=0.00029 lr=3.92e-04 updates=1453 skipped=0 status=running
  [ep 6] batch 1500/2098  avg_loss 0.00029  0.61s/batch  scale 2.0972e+06
PROGRESS phase=train epoch=6/10 scope=whole_split step=1502/2098 elapsed_s=930.0 step_per_s=1.615 sample_per_s=6.460 eta_s=369.0 loss=0.00029 lr=3.88e-04 updates=1502 skipped=0 status=running
PROGRESS phase=train epoch=6/10 scope=whole_split step=1551/2098 elapsed_s=960.0 step_per_s=1.616 sample_per_s=6.462 eta_s=338.6 loss=0.00029 lr=3.85e-04 updates=1551 skipped=0 status=running
  [ep 6] batch 1600/2098  avg_loss 0.00029  0.61s/batch  scale 4.1943e+06
PROGRESS phase=train epoch=6/10 scope=whole_split step=1600/2098 elapsed_s=990.0 step_per_s=1.616 sample_per_s=6.464 eta_s=308.1 loss=0.00029 lr=3.81e-04 updates=1600 skipped=0 status=running
PROGRESS phase=train epoch=6/10 scope=whole_split step=1649/2098 elapsed_s=1020.0 step_per_s=1.617 sample_per_s=6.466 eta_s=277.7 loss=0.00029 lr=3.78e-04 updates=1649 skipped=0 status=running
PROGRESS phase=train epoch=6/10 scope=whole_split step=1698/2098 elapsed_s=1050.0 step_per_s=1.617 sample_per_s=6.468 eta_s=247.4 loss=0.00029 lr=3.74e-04 updates=1698 skipped=0 status=running
  [ep 6] batch 1700/2098  avg_loss 0.00029  0.61s/batch  scale 4.1943e+06
PROGRESS phase=train epoch=6/10 scope=whole_split step=1747/2098 elapsed_s=1080.0 step_per_s=1.618 sample_per_s=6.470 eta_s=217.0 loss=0.00028 lr=3.71e-04 updates=1747 skipped=0 status=running
PROGRESS phase=train epoch=6/10 scope=whole_split step=1796/2098 elapsed_s=1110.0 step_per_s=1.618 sample_per_s=6.472 eta_s=186.7 loss=0.00028 lr=3.67e-04 updates=1796 skipped=0 status=running
  [ep 6] batch 1800/2098  avg_loss 0.00028  0.61s/batch  scale 4.1943e+06
PROGRESS phase=train epoch=6/10 scope=whole_split step=1845/2098 elapsed_s=1140.0 step_per_s=1.618 sample_per_s=6.473 eta_s=156.3 loss=0.00028 lr=3.64e-04 updates=1845 skipped=0 status=running
PROGRESS phase=train epoch=6/10 scope=whole_split step=1893/2098 elapsed_s=1170.0 step_per_s=1.618 sample_per_s=6.472 eta_s=126.7 loss=0.00028 lr=3.60e-04 updates=1893 skipped=0 status=running
  [ep 6] batch 1900/2098  avg_loss 0.00028  0.62s/batch  scale 4.1943e+06
PROGRESS phase=train epoch=6/10 scope=whole_split step=1941/2098 elapsed_s=1200.0 step_per_s=1.617 sample_per_s=6.470 eta_s=97.1 loss=0.00028 lr=3.57e-04 updates=1941 skipped=0 status=running
PROGRESS phase=train epoch=6/10 scope=whole_split step=1990/2098 elapsed_s=1230.0 step_per_s=1.618 sample_per_s=6.471 eta_s=66.8 loss=0.00028 lr=3.53e-04 updates=1990 skipped=0 status=running
  [ep 6] batch 2000/2098  avg_loss 0.00028  0.62s/batch  scale 4.1943e+06
PROGRESS phase=train epoch=6/10 scope=whole_split step=2038/2098 elapsed_s=1260.0 step_per_s=1.617 sample_per_s=6.470 eta_s=37.1 loss=0.00028 lr=3.50e-04 updates=2038 skipped=0 status=running
PROGRESS phase=train epoch=6/10 scope=whole_split step=2087/2098 elapsed_s=1290.0 step_per_s=1.618 sample_per_s=6.471 eta_s=6.8 loss=0.00028 lr=3.46e-04 updates=2087 skipped=0 status=running
PROGRESS phase=train epoch=6/10 scope=whole_split step=2098/2098 elapsed_s=1297.0 step_per_s=1.618 sample_per_s=6.470 loss=0.00028 lr=3.45e-04 updates=2098 skipped=0 status=phase_done
PROGRESS phase=val epoch=6/10 scope=whole_split batch=0/6 elapsed_s=0.0 status=start
PROGRESS phase=val epoch=6/10 scope=whole_split batch=6/6 elapsed_s=1.4 batch_per_s=4.240 rel_l2=0.45206 status=phase_done
epoch 6/10  1298.4s  train_loss 0.00028  val_masked_relL2 0.45206  updates/rank 2098 (skipped across ranks 0)  max_lead 1  grad_scale 4.1943e+06  lr 3.45e-04
PROGRESS phase=train epoch=7/10 scope=whole_split step=0/2098 elapsed_s=0.0 status=start
PROGRESS phase=train epoch=7/10 scope=whole_split step=48/2098 elapsed_s=30.0 step_per_s=1.600 sample_per_s=6.400 eta_s=1281.3 loss=0.00024 lr=3.42e-04 updates=48 skipped=0 status=running
PROGRESS phase=train epoch=7/10 scope=whole_split step=97/2098 elapsed_s=60.0 step_per_s=1.617 sample_per_s=6.466 eta_s=1237.8 loss=0.00028 lr=3.39e-04 updates=97 skipped=0 status=running
  [ep 7] batch 100/2098  avg_loss 0.00028  0.62s/batch  scale 4.1943e+06
PROGRESS phase=train epoch=7/10 scope=whole_split step=146/2098 elapsed_s=90.0 step_per_s=1.622 sample_per_s=6.489 eta_s=1203.3 loss=0.00028 lr=3.35e-04 updates=146 skipped=0 status=running
PROGRESS phase=train epoch=7/10 scope=whole_split step=195/2098 elapsed_s=120.0 step_per_s=1.625 sample_per_s=6.500 eta_s=1171.1 loss=0.00028 lr=3.32e-04 updates=195 skipped=0 status=running
  [ep 7] batch 200/2098  avg_loss 0.00028  0.61s/batch  scale 4.1943e+06
PROGRESS phase=train epoch=7/10 scope=whole_split step=244/2098 elapsed_s=150.0 step_per_s=1.627 sample_per_s=6.506 eta_s=1139.8 loss=0.00027 lr=3.28e-04 updates=244 skipped=0 status=running
PROGRESS phase=train epoch=7/10 scope=whole_split step=292/2098 elapsed_s=180.0 step_per_s=1.622 sample_per_s=6.489 eta_s=1113.3 loss=0.00027 lr=3.25e-04 updates=292 skipped=0 status=running
  [ep 7] batch 300/2098  avg_loss 0.00027  0.61s/batch  scale 4.1943e+06
PROGRESS phase=train epoch=7/10 scope=whole_split step=341/2098 elapsed_s=210.0 step_per_s=1.624 sample_per_s=6.495 eta_s=1082.1 loss=0.00027 lr=3.21e-04 updates=341 skipped=0 status=running
PROGRESS phase=train epoch=7/10 scope=whole_split step=390/2098 elapsed_s=240.0 step_per_s=1.625 sample_per_s=6.500 eta_s=1051.1 loss=0.00027 lr=3.18e-04 updates=390 skipped=0 status=running
  [ep 7] batch 400/2098  avg_loss 0.00026  0.62s/batch  scale 4.1943e+06
PROGRESS phase=train epoch=7/10 scope=whole_split step=438/2098 elapsed_s=270.0 step_per_s=1.622 sample_per_s=6.489 eta_s=1023.3 loss=0.00027 lr=3.15e-04 updates=438 skipped=0 status=running
PROGRESS phase=train epoch=7/10 scope=whole_split step=487/2098 elapsed_s=300.0 step_per_s=1.623 sample_per_s=6.493 eta_s=992.4 loss=0.00026 lr=3.11e-04 updates=487 skipped=0 status=running
  [ep 7] batch 500/2098  avg_loss 0.00026  0.62s/batch  scale 4.1943e+06
PROGRESS phase=train epoch=7/10 scope=whole_split step=536/2098 elapsed_s=330.0 step_per_s=1.624 sample_per_s=6.497 eta_s=961.7 loss=0.00026 lr=3.08e-04 updates=536 skipped=0 status=running
PROGRESS phase=train epoch=7/10 scope=whole_split step=584/2098 elapsed_s=360.0 step_per_s=1.622 sample_per_s=6.489 eta_s=933.3 loss=0.00027 lr=3.05e-04 updates=584 skipped=0 status=running
  [ep 7] batch 600/2098  avg_loss 0.00026  0.62s/batch  scale 4.1943e+06
PROGRESS phase=train epoch=7/10 scope=whole_split step=633/2098 elapsed_s=390.0 step_per_s=1.623 sample_per_s=6.492 eta_s=902.6 loss=0.00026 lr=3.01e-04 updates=633 skipped=0 status=running
PROGRESS phase=train epoch=7/10 scope=whole_split step=682/2098 elapsed_s=420.0 step_per_s=1.624 sample_per_s=6.495 eta_s=872.1 loss=0.00026 lr=2.98e-04 updates=682 skipped=0 status=running
  [ep 7] batch 700/2098  avg_loss 0.00026  0.62s/batch  scale 4.1943e+06
PROGRESS phase=train epoch=7/10 scope=whole_split step=730/2098 elapsed_s=450.0 step_per_s=1.622 sample_per_s=6.489 eta_s=843.3 loss=0.00026 lr=2.95e-04 updates=730 skipped=0 status=running
PROGRESS phase=train epoch=7/10 scope=whole_split step=779/2098 elapsed_s=480.0 step_per_s=1.623 sample_per_s=6.491 eta_s=812.8 loss=0.00026 lr=2.91e-04 updates=779 skipped=0 status=running
  [ep 7] batch 800/2098  avg_loss 0.00026  0.62s/batch  scale 4.1943e+06
PROGRESS phase=train epoch=7/10 scope=whole_split step=828/2098 elapsed_s=510.0 step_per_s=1.623 sample_per_s=6.494 eta_s=782.3 loss=0.00026 lr=2.88e-04 updates=828 skipped=0 status=running
PROGRESS phase=train epoch=7/10 scope=whole_split step=876/2098 elapsed_s=540.0 step_per_s=1.622 sample_per_s=6.489 eta_s=753.3 loss=0.00026 lr=2.85e-04 updates=876 skipped=0 status=running
  [ep 7] batch 900/2098  avg_loss 0.00026  0.62s/batch  scale 4.1943e+06
PROGRESS phase=train epoch=7/10 scope=whole_split step=925/2098 elapsed_s=570.0 step_per_s=1.623 sample_per_s=6.491 eta_s=722.8 loss=0.00026 lr=2.81e-04 updates=925 skipped=0 status=running
PROGRESS phase=train epoch=7/10 scope=whole_split step=974/2098 elapsed_s=600.0 step_per_s=1.623 sample_per_s=6.493 eta_s=692.4 loss=0.00026 lr=2.78e-04 updates=974 skipped=0 status=running
  [ep 7] batch 1000/2098  avg_loss 0.00026  0.62s/batch  scale 4.1943e+06
PROGRESS phase=train epoch=7/10 scope=whole_split step=1023/2098 elapsed_s=630.0 step_per_s=1.624 sample_per_s=6.495 eta_s=662.0 loss=0.00026 lr=2.75e-04 updates=1023 skipped=0 status=running
PROGRESS phase=train epoch=7/10 scope=whole_split step=1071/2098 elapsed_s=660.0 step_per_s=1.623 sample_per_s=6.491 eta_s=632.9 loss=0.00026 lr=2.72e-04 updates=1071 skipped=0 status=running
  [ep 7] batch 1100/2098  avg_loss 0.00026  0.62s/batch  scale 4.1943e+06
PROGRESS phase=train epoch=7/10 scope=whole_split step=1120/2098 elapsed_s=690.0 step_per_s=1.623 sample_per_s=6.493 eta_s=602.5 loss=0.00026 lr=2.68e-04 updates=1120 skipped=0 status=running
PROGRESS phase=train epoch=7/10 scope=whole_split step=1169/2098 elapsed_s=720.0 step_per_s=1.624 sample_per_s=6.494 eta_s=572.2 loss=0.00026 lr=2.65e-04 updates=1169 skipped=0 status=running
  [ep 7] batch 1200/2098  avg_loss 0.00026  0.62s/batch  scale 4.1943e+06
PROGRESS phase=train epoch=7/10 scope=whole_split step=1217/2098 elapsed_s=750.0 step_per_s=1.623 sample_per_s=6.490 eta_s=543.0 loss=0.00026 lr=2.62e-04 updates=1217 skipped=0 status=running
PROGRESS phase=train epoch=7/10 scope=whole_split step=1266/2098 elapsed_s=780.0 step_per_s=1.623 sample_per_s=6.492 eta_s=512.6 loss=0.00026 lr=2.59e-04 updates=1266 skipped=0 status=running
  [ep 7] batch 1300/2098  avg_loss 0.00026  0.62s/batch  scale 4.1943e+06
PROGRESS phase=train epoch=7/10 scope=whole_split step=1315/2098 elapsed_s=810.0 step_per_s=1.623 sample_per_s=6.494 eta_s=482.3 loss=0.00026 lr=2.55e-04 updates=1315 skipped=0 status=running
PROGRESS phase=train epoch=7/10 scope=whole_split step=1364/2098 elapsed_s=840.0 step_per_s=1.624 sample_per_s=6.495 eta_s=452.0 loss=0.00026 lr=2.52e-04 updates=1364 skipped=0 status=running
  [ep 7] batch 1400/2098  avg_loss 0.00026  0.62s/batch  scale 4.1943e+06
PROGRESS phase=train epoch=7/10 scope=whole_split step=1412/2098 elapsed_s=870.0 step_per_s=1.623 sample_per_s=6.492 eta_s=422.7 loss=0.00026 lr=2.49e-04 updates=1412 skipped=0 status=running
PROGRESS phase=train epoch=7/10 scope=whole_split step=1461/2098 elapsed_s=900.0 step_per_s=1.623 sample_per_s=6.493 eta_s=392.4 loss=0.00026 lr=2.46e-04 updates=1461 skipped=0 status=running
  [ep 7] batch 1500/2098  avg_loss 0.00026  0.62s/batch  scale 8.3886e+06
PROGRESS phase=train epoch=7/10 scope=whole_split step=1510/2098 elapsed_s=930.0 step_per_s=1.624 sample_per_s=6.494 eta_s=362.2 loss=0.00026 lr=2.43e-04 updates=1510 skipped=0 status=running
PROGRESS phase=train epoch=7/10 scope=whole_split step=1559/2098 elapsed_s=960.0 step_per_s=1.624 sample_per_s=6.496 eta_s=331.9 loss=0.00026 lr=2.40e-04 updates=1559 skipped=0 status=running
  [ep 7] batch 1600/2098  avg_loss 0.00026  0.62s/batch  scale 8.3886e+06
PROGRESS phase=train epoch=7/10 scope=whole_split step=1607/2098 elapsed_s=990.0 step_per_s=1.623 sample_per_s=6.493 eta_s=302.5 loss=0.00026 lr=2.37e-04 updates=1607 skipped=0 status=running
PROGRESS phase=train epoch=7/10 scope=whole_split step=1656/2098 elapsed_s=1020.0 step_per_s=1.623 sample_per_s=6.494 eta_s=272.3 loss=0.00026 lr=2.34e-04 updates=1656 skipped=0 status=running
  [ep 7] batch 1700/2098  avg_loss 0.00025  0.62s/batch  scale 8.3886e+06
PROGRESS phase=train epoch=7/10 scope=whole_split step=1705/2098 elapsed_s=1050.0 step_per_s=1.624 sample_per_s=6.495 eta_s=242.0 loss=0.00025 lr=2.30e-04 updates=1705 skipped=0 status=running
PROGRESS phase=train epoch=7/10 scope=whole_split step=1753/2098 elapsed_s=1080.0 step_per_s=1.623 sample_per_s=6.492 eta_s=212.6 loss=0.00025 lr=2.27e-04 updates=1753 skipped=0 status=running
  [ep 7] batch 1800/2098  avg_loss 0.00025  0.62s/batch  scale 8.3886e+06
PROGRESS phase=train epoch=7/10 scope=whole_split step=1802/2098 elapsed_s=1110.0 step_per_s=1.623 sample_per_s=6.493 eta_s=182.3 loss=0.00025 lr=2.24e-04 updates=1802 skipped=0 status=running
PROGRESS phase=train epoch=7/10 scope=whole_split step=1851/2098 elapsed_s=1140.0 step_per_s=1.624 sample_per_s=6.494 eta_s=152.1 loss=0.00025 lr=2.21e-04 updates=1851 skipped=0 status=running
PROGRESS phase=train epoch=7/10 scope=whole_split step=1899/2098 elapsed_s=1170.0 step_per_s=1.623 sample_per_s=6.492 eta_s=122.6 loss=0.00025 lr=2.18e-04 updates=1899 skipped=0 status=running
  [ep 7] batch 1900/2098  avg_loss 0.00025  0.62s/batch  scale 8.3886e+06
PROGRESS phase=train epoch=7/10 scope=whole_split step=1948/2098 elapsed_s=1200.0 step_per_s=1.623 sample_per_s=6.493 eta_s=92.4 loss=0.00025 lr=2.15e-04 updates=1948 skipped=0 status=running
PROGRESS phase=train epoch=7/10 scope=whole_split step=1997/2098 elapsed_s=1230.0 step_per_s=1.624 sample_per_s=6.494 eta_s=62.2 loss=0.00025 lr=2.12e-04 updates=1997 skipped=0 status=running
  [ep 7] batch 2000/2098  avg_loss 0.00025  0.62s/batch  scale 8.3886e+06
PROGRESS phase=train epoch=7/10 scope=whole_split step=2045/2098 elapsed_s=1260.0 step_per_s=1.623 sample_per_s=6.492 eta_s=32.7 loss=0.00025 lr=2.09e-04 updates=2045 skipped=0 status=running
PROGRESS phase=train epoch=7/10 scope=whole_split step=2094/2098 elapsed_s=1290.0 step_per_s=1.623 sample_per_s=6.493 eta_s=2.5 loss=0.00025 lr=2.06e-04 updates=2094 skipped=0 status=running
PROGRESS phase=train epoch=7/10 scope=whole_split step=2098/2098 elapsed_s=1292.8 step_per_s=1.623 sample_per_s=6.492 loss=0.00025 lr=2.06e-04 updates=2098 skipped=0 status=phase_done
PROGRESS phase=val epoch=7/10 scope=whole_split batch=0/6 elapsed_s=0.0 status=start
PROGRESS phase=val epoch=7/10 scope=whole_split batch=6/6 elapsed_s=1.5 batch_per_s=4.091 rel_l2=0.40080 status=phase_done
epoch 7/10  1294.2s  train_loss 0.00025  val_masked_relL2 0.40080  updates/rank 2098 (skipped across ranks 0)  max_lead 1  grad_scale 8.3886e+06  lr 2.06e-04
PROGRESS phase=train epoch=8/10 scope=whole_split step=0/2098 elapsed_s=0.0 status=start
PROGRESS phase=train epoch=8/10 scope=whole_split step=48/2098 elapsed_s=30.0 step_per_s=1.600 sample_per_s=6.400 eta_s=1281.3 loss=0.00023 lr=2.03e-04 updates=48 skipped=0 status=running
PROGRESS phase=train epoch=8/10 scope=whole_split step=96/2098 elapsed_s=60.0 step_per_s=1.600 sample_per_s=6.400 eta_s=1251.3 loss=0.00023 lr=2.00e-04 updates=96 skipped=0 status=running
  [ep 8] batch 100/2098  avg_loss 0.00023  0.62s/batch  scale 8.3886e+06
PROGRESS phase=train epoch=8/10 scope=whole_split step=145/2098 elapsed_s=90.0 step_per_s=1.611 sample_per_s=6.444 eta_s=1212.3 loss=0.00022 lr=1.97e-04 updates=145 skipped=0 status=running
PROGRESS phase=train epoch=8/10 scope=whole_split step=194/2098 elapsed_s=120.0 step_per_s=1.617 sample_per_s=6.466 eta_s=1177.8 loss=0.00023 lr=1.94e-04 updates=194 skipped=0 status=running
  [ep 8] batch 200/2098  avg_loss 0.00023  0.61s/batch  scale 8.3886e+06
PROGRESS phase=train epoch=8/10 scope=whole_split step=243/2098 elapsed_s=150.0 step_per_s=1.620 sample_per_s=6.480 eta_s=1145.1 loss=0.00023 lr=1.92e-04 updates=243 skipped=0 status=running
PROGRESS phase=train epoch=8/10 scope=whole_split step=291/2098 elapsed_s=180.0 step_per_s=1.617 sample_per_s=6.466 eta_s=1117.8 loss=0.00023 lr=1.89e-04 updates=291 skipped=0 status=running
  [ep 8] batch 300/2098  avg_loss 0.00023  0.62s/batch  scale 8.3886e+06
PROGRESS phase=train epoch=8/10 scope=whole_split step=340/2098 elapsed_s=210.0 step_per_s=1.619 sample_per_s=6.476 eta_s=1085.9 loss=0.00023 lr=1.86e-04 updates=340 skipped=0 status=running
PROGRESS phase=train epoch=8/10 scope=whole_split step=389/2098 elapsed_s=240.0 step_per_s=1.621 sample_per_s=6.483 eta_s=1054.4 loss=0.00023 lr=1.83e-04 updates=389 skipped=0 status=running
  [ep 8] batch 400/2098  avg_loss 0.00023  0.62s/batch  scale 8.3886e+06
PROGRESS phase=train epoch=8/10 scope=whole_split step=437/2098 elapsed_s=270.0 step_per_s=1.618 sample_per_s=6.474 eta_s=1026.3 loss=0.00023 lr=1.80e-04 updates=437 skipped=0 status=running
PROGRESS phase=train epoch=8/10 scope=whole_split step=486/2098 elapsed_s=300.0 step_per_s=1.620 sample_per_s=6.480 eta_s=995.1 loss=0.00023 lr=1.77e-04 updates=486 skipped=0 status=running
  [ep 8] batch 500/2098  avg_loss 0.00023  0.62s/batch  scale 8.3886e+06
PROGRESS phase=train epoch=8/10 scope=whole_split step=535/2098 elapsed_s=330.0 step_per_s=1.621 sample_per_s=6.485 eta_s=964.1 loss=0.00023 lr=1.75e-04 updates=535 skipped=0 status=running
PROGRESS phase=train epoch=8/10 scope=whole_split step=584/2098 elapsed_s=360.0 step_per_s=1.622 sample_per_s=6.489 eta_s=933.3 loss=0.00023 lr=1.72e-04 updates=584 skipped=0 status=running
  [ep 8] batch 600/2098  avg_loss 0.00023  0.61s/batch  scale 8.3886e+06
PROGRESS phase=train epoch=8/10 scope=whole_split step=632/2098 elapsed_s=390.0 step_per_s=1.620 sample_per_s=6.482 eta_s=904.7 loss=0.00023 lr=1.69e-04 updates=632 skipped=0 status=running
PROGRESS phase=train epoch=8/10 scope=whole_split step=681/2098 elapsed_s=420.0 step_per_s=1.621 sample_per_s=6.485 eta_s=874.0 loss=0.00023 lr=1.66e-04 updates=681 skipped=0 status=running
  [ep 8] batch 700/2098  avg_loss 0.00023  0.64s/batch  scale 8.3886e+06
PROGRESS phase=train epoch=8/10 scope=whole_split step=720/2098 elapsed_s=450.0 step_per_s=1.600 sample_per_s=6.400 eta_s=861.3 loss=0.00023 lr=1.64e-04 updates=720 skipped=0 status=running
PROGRESS phase=train epoch=8/10 scope=whole_split step=769/2098 elapsed_s=480.0 step_per_s=1.602 sample_per_s=6.408 eta_s=829.6 loss=0.00023 lr=1.62e-04 updates=769 skipped=0 status=running
  [ep 8] batch 800/2098  avg_loss 0.00023  0.65s/batch  scale 8.3886e+06
PROGRESS phase=train epoch=8/10 scope=whole_split step=818/2098 elapsed_s=510.0 step_per_s=1.604 sample_per_s=6.415 eta_s=798.1 loss=0.00023 lr=1.59e-04 updates=818 skipped=0 status=running
PROGRESS phase=train epoch=8/10 scope=whole_split step=866/2098 elapsed_s=540.0 step_per_s=1.604 sample_per_s=6.415 eta_s=768.2 loss=0.00023 lr=1.56e-04 updates=865 skipped=1 status=running
  [ep 8] batch 900/2098  avg_loss 0.00023  0.62s/batch  scale 4.1943e+06
PROGRESS phase=train epoch=8/10 scope=whole_split step=915/2098 elapsed_s=570.0 step_per_s=1.605 sample_per_s=6.421 eta_s=737.0 loss=0.00023 lr=1.54e-04 updates=914 skipped=1 status=running
PROGRESS phase=train epoch=8/10 scope=whole_split step=964/2098 elapsed_s=600.0 step_per_s=1.607 sample_per_s=6.426 eta_s=705.8 loss=0.00023 lr=1.51e-04 updates=963 skipped=1 status=running
  [ep 8] batch 1000/2098  avg_loss 0.00023  0.61s/batch  scale 4.1943e+06
PROGRESS phase=train epoch=8/10 scope=whole_split step=1013/2098 elapsed_s=630.0 step_per_s=1.608 sample_per_s=6.432 eta_s=674.8 loss=0.00023 lr=1.48e-04 updates=1012 skipped=1 status=running
PROGRESS phase=train epoch=8/10 scope=whole_split step=1062/2098 elapsed_s=660.0 step_per_s=1.609 sample_per_s=6.436 eta_s=643.9 loss=0.00023 lr=1.46e-04 updates=1061 skipped=1 status=running
  [ep 8] batch 1100/2098  avg_loss 0.00023  0.62s/batch  scale 4.1943e+06
PROGRESS phase=train epoch=8/10 scope=whole_split step=1110/2098 elapsed_s=690.0 step_per_s=1.609 sample_per_s=6.435 eta_s=614.2 loss=0.00023 lr=1.43e-04 updates=1109 skipped=1 status=running
PROGRESS phase=train epoch=8/10 scope=whole_split step=1159/2098 elapsed_s=720.0 step_per_s=1.610 sample_per_s=6.439 eta_s=583.3 loss=0.00023 lr=1.41e-04 updates=1158 skipped=1 status=running
  [ep 8] batch 1200/2098  avg_loss 0.00023  0.61s/batch  scale 4.1943e+06
PROGRESS phase=train epoch=8/10 scope=whole_split step=1208/2098 elapsed_s=750.0 step_per_s=1.611 sample_per_s=6.442 eta_s=552.6 loss=0.00023 lr=1.38e-04 updates=1207 skipped=1 status=running
PROGRESS phase=train epoch=8/10 scope=whole_split step=1257/2098 elapsed_s=780.0 step_per_s=1.611 sample_per_s=6.446 eta_s=521.9 loss=0.00023 lr=1.36e-04 updates=1256 skipped=1 status=running
  [ep 8] batch 1300/2098  avg_loss 0.00022  0.62s/batch  scale 4.1943e+06
PROGRESS phase=train epoch=8/10 scope=whole_split step=1305/2098 elapsed_s=810.0 step_per_s=1.611 sample_per_s=6.444 eta_s=492.2 loss=0.00022 lr=1.33e-04 updates=1304 skipped=1 status=running
PROGRESS phase=train epoch=8/10 scope=whole_split step=1354/2098 elapsed_s=840.0 step_per_s=1.612 sample_per_s=6.447 eta_s=461.6 loss=0.00023 lr=1.31e-04 updates=1353 skipped=1 status=running
  [ep 8] batch 1400/2098  avg_loss 0.00023  0.62s/batch  scale 4.1943e+06
PROGRESS phase=train epoch=8/10 scope=whole_split step=1403/2098 elapsed_s=870.0 step_per_s=1.613 sample_per_s=6.450 eta_s=431.0 loss=0.00023 lr=1.28e-04 updates=1402 skipped=1 status=running
PROGRESS phase=train epoch=8/10 scope=whole_split step=1452/2098 elapsed_s=900.0 step_per_s=1.613 sample_per_s=6.453 eta_s=400.4 loss=0.00023 lr=1.26e-04 updates=1451 skipped=1 status=running
  [ep 8] batch 1500/2098  avg_loss 0.00023  0.62s/batch  scale 4.1943e+06
PROGRESS phase=train epoch=8/10 scope=whole_split step=1500/2098 elapsed_s=930.0 step_per_s=1.613 sample_per_s=6.451 eta_s=370.8 loss=0.00023 lr=1.23e-04 updates=1499 skipped=1 status=running
PROGRESS phase=train epoch=8/10 scope=whole_split step=1549/2098 elapsed_s=960.0 step_per_s=1.613 sample_per_s=6.454 eta_s=340.3 loss=0.00022 lr=1.21e-04 updates=1548 skipped=1 status=running
PROGRESS phase=train epoch=8/10 scope=whole_split step=1598/2098 elapsed_s=990.0 step_per_s=1.614 sample_per_s=6.456 eta_s=309.8 loss=0.00023 lr=1.19e-04 updates=1597 skipped=1 status=running
  [ep 8] batch 1600/2098  avg_loss 0.00023  0.61s/batch  scale 4.1943e+06
PROGRESS phase=train epoch=8/10 scope=whole_split step=1647/2098 elapsed_s=1020.0 step_per_s=1.615 sample_per_s=6.459 eta_s=279.3 loss=0.00023 lr=1.16e-04 updates=1646 skipped=1 status=running
PROGRESS phase=train epoch=8/10 scope=whole_split step=1696/2098 elapsed_s=1050.0 step_per_s=1.615 sample_per_s=6.461 eta_s=248.9 loss=0.00023 lr=1.14e-04 updates=1695 skipped=1 status=running
  [ep 8] batch 1700/2098  avg_loss 0.00022  0.61s/batch  scale 4.1943e+06
PROGRESS phase=train epoch=8/10 scope=whole_split step=1744/2098 elapsed_s=1080.0 step_per_s=1.615 sample_per_s=6.459 eta_s=219.2 loss=0.00023 lr=1.12e-04 updates=1743 skipped=1 status=running
PROGRESS phase=train epoch=8/10 scope=whole_split step=1793/2098 elapsed_s=1110.0 step_per_s=1.615 sample_per_s=6.461 eta_s=188.8 loss=0.00023 lr=1.09e-04 updates=1792 skipped=1 status=running
  [ep 8] batch 1800/2098  avg_loss 0.00023  0.61s/batch  scale 4.1943e+06
PROGRESS phase=train epoch=8/10 scope=whole_split step=1842/2098 elapsed_s=1140.0 step_per_s=1.616 sample_per_s=6.463 eta_s=158.4 loss=0.00023 lr=1.07e-04 updates=1841 skipped=1 status=running
PROGRESS phase=train epoch=8/10 scope=whole_split step=1891/2098 elapsed_s=1170.0 step_per_s=1.616 sample_per_s=6.465 eta_s=128.1 loss=0.00022 lr=1.05e-04 updates=1890 skipped=1 status=running
  [ep 8] batch 1900/2098  avg_loss 0.00022  0.61s/batch  scale 4.1943e+06
PROGRESS phase=train epoch=8/10 scope=whole_split step=1940/2098 elapsed_s=1200.0 step_per_s=1.617 sample_per_s=6.466 eta_s=97.7 loss=0.00022 lr=1.03e-04 updates=1939 skipped=1 status=running
PROGRESS phase=train epoch=8/10 scope=whole_split step=1989/2098 elapsed_s=1230.0 step_per_s=1.617 sample_per_s=6.468 eta_s=67.4 loss=0.00022 lr=1.00e-04 updates=1988 skipped=1 status=running
  [ep 8] batch 2000/2098  avg_loss 0.00022  0.61s/batch  scale 4.1943e+06
PROGRESS phase=train epoch=8/10 scope=whole_split step=2037/2098 elapsed_s=1260.0 step_per_s=1.617 sample_per_s=6.466 eta_s=37.7 loss=0.00022 lr=9.82e-05 updates=2036 skipped=1 status=running
PROGRESS phase=train epoch=8/10 scope=whole_split step=2086/2098 elapsed_s=1290.0 step_per_s=1.617 sample_per_s=6.468 eta_s=7.4 loss=0.00022 lr=9.61e-05 updates=2085 skipped=1 status=running
PROGRESS phase=train epoch=8/10 scope=whole_split step=2098/2098 elapsed_s=1297.4 step_per_s=1.617 sample_per_s=6.468 loss=0.00022 lr=9.55e-05 updates=2097 skipped=1 status=phase_done
PROGRESS phase=val epoch=8/10 scope=whole_split batch=0/6 elapsed_s=0.0 status=start
PROGRESS phase=val epoch=8/10 scope=whole_split batch=6/6 elapsed_s=1.4 batch_per_s=4.256 rel_l2=0.38315 status=phase_done
epoch 8/10  1298.8s  train_loss 0.00022  val_masked_relL2 0.38315  updates/rank 2097 (skipped across ranks 1)  max_lead 1  grad_scale 4.1943e+06  lr 9.55e-05
PROGRESS phase=train epoch=9/10 scope=whole_split step=0/2098 elapsed_s=0.0 status=start
PROGRESS phase=train epoch=9/10 scope=whole_split step=38/2098 elapsed_s=30.0 step_per_s=1.267 sample_per_s=5.066 eta_s=1626.4 loss=0.00020 lr=9.39e-05 updates=38 skipped=0 status=running
PROGRESS phase=train epoch=9/10 scope=whole_split step=87/2098 elapsed_s=60.0 step_per_s=1.450 sample_per_s=5.800 eta_s=1386.9 loss=0.00020 lr=9.17e-05 updates=87 skipped=0 status=running
  [ep 9] batch 100/2098  avg_loss 0.00019  0.68s/batch  scale 4.1943e+06
PROGRESS phase=train epoch=9/10 scope=whole_split step=136/2098 elapsed_s=90.0 step_per_s=1.511 sample_per_s=6.044 eta_s=1298.4 loss=0.00020 lr=8.96e-05 updates=136 skipped=0 status=running
PROGRESS phase=train epoch=9/10 scope=whole_split step=185/2098 elapsed_s=120.0 step_per_s=1.542 sample_per_s=6.166 eta_s=1240.9 loss=0.00020 lr=8.75e-05 updates=185 skipped=0 status=running
  [ep 9] batch 200/2098  avg_loss 0.00020  0.61s/batch  scale 4.1943e+06
PROGRESS phase=train epoch=9/10 scope=whole_split step=234/2098 elapsed_s=150.0 step_per_s=1.560 sample_per_s=6.240 eta_s=1194.9 loss=0.00020 lr=8.55e-05 updates=234 skipped=0 status=running
PROGRESS phase=train epoch=9/10 scope=whole_split step=282/2098 elapsed_s=180.0 step_per_s=1.567 sample_per_s=6.266 eta_s=1159.2 loss=0.00019 lr=8.35e-05 updates=282 skipped=0 status=running
  [ep 9] batch 300/2098  avg_loss 0.00019  0.61s/batch  scale 4.1943e+06
PROGRESS phase=train epoch=9/10 scope=whole_split step=331/2098 elapsed_s=210.0 step_per_s=1.576 sample_per_s=6.305 eta_s=1121.1 loss=0.00019 lr=8.15e-05 updates=331 skipped=0 status=running
PROGRESS phase=train epoch=9/10 scope=whole_split step=380/2098 elapsed_s=240.0 step_per_s=1.583 sample_per_s=6.333 eta_s=1085.1 loss=0.00020 lr=7.95e-05 updates=380 skipped=0 status=running
  [ep 9] batch 400/2098  avg_loss 0.00020  0.61s/batch  scale 4.1943e+06
PROGRESS phase=train epoch=9/10 scope=whole_split step=429/2098 elapsed_s=270.0 step_per_s=1.589 sample_per_s=6.355 eta_s=1050.5 loss=0.00020 lr=7.75e-05 updates=429 skipped=0 status=running
PROGRESS phase=train epoch=9/10 scope=whole_split step=478/2098 elapsed_s=300.0 step_per_s=1.593 sample_per_s=6.373 eta_s=1016.8 loss=0.00020 lr=7.55e-05 updates=478 skipped=0 status=running
  [ep 9] batch 500/2098  avg_loss 0.00020  0.61s/batch  scale 4.1943e+06
PROGRESS phase=train epoch=9/10 scope=whole_split step=527/2098 elapsed_s=330.0 step_per_s=1.597 sample_per_s=6.388 eta_s=983.8 loss=0.00020 lr=7.36e-05 updates=527 skipped=0 status=running
PROGRESS phase=train epoch=9/10 scope=whole_split step=575/2098 elapsed_s=360.0 step_per_s=1.597 sample_per_s=6.389 eta_s=953.6 loss=0.00020 lr=7.18e-05 updates=575 skipped=0 status=running
  [ep 9] batch 600/2098  avg_loss 0.00020  0.61s/batch  scale 4.1943e+06
PROGRESS phase=train epoch=9/10 scope=whole_split step=624/2098 elapsed_s=390.0 step_per_s=1.600 sample_per_s=6.400 eta_s=921.3 loss=0.00020 lr=6.99e-05 updates=624 skipped=0 status=running
PROGRESS phase=train epoch=9/10 scope=whole_split step=673/2098 elapsed_s=420.0 step_per_s=1.602 sample_per_s=6.409 eta_s=889.3 loss=0.00020 lr=6.80e-05 updates=673 skipped=0 status=running
  [ep 9] batch 700/2098  avg_loss 0.00020  0.61s/batch  scale 4.1943e+06
PROGRESS phase=train epoch=9/10 scope=whole_split step=722/2098 elapsed_s=450.0 step_per_s=1.604 sample_per_s=6.418 eta_s=857.6 loss=0.00020 lr=6.62e-05 updates=722 skipped=0 status=running
PROGRESS phase=train epoch=9/10 scope=whole_split step=770/2098 elapsed_s=480.0 step_per_s=1.604 sample_per_s=6.416 eta_s=827.9 loss=0.00020 lr=6.44e-05 updates=770 skipped=0 status=running
  [ep 9] batch 800/2098  avg_loss 0.00020  0.62s/batch  scale 8.3886e+06
PROGRESS phase=train epoch=9/10 scope=whole_split step=819/2098 elapsed_s=510.0 step_per_s=1.606 sample_per_s=6.423 eta_s=796.5 loss=0.00020 lr=6.26e-05 updates=819 skipped=0 status=running
PROGRESS phase=train epoch=9/10 scope=whole_split step=868/2098 elapsed_s=540.0 step_per_s=1.607 sample_per_s=6.429 eta_s=765.2 loss=0.00019 lr=6.08e-05 updates=868 skipped=0 status=running
  [ep 9] batch 900/2098  avg_loss 0.00019  0.62s/batch  scale 8.3886e+06
PROGRESS phase=train epoch=9/10 scope=whole_split step=908/2098 elapsed_s=570.0 step_per_s=1.593 sample_per_s=6.372 eta_s=747.1 loss=0.00019 lr=5.94e-05 updates=908 skipped=0 status=running
PROGRESS phase=train epoch=9/10 scope=whole_split step=955/2098 elapsed_s=600.0 step_per_s=1.592 sample_per_s=6.366 eta_s=718.1 loss=0.00019 lr=5.78e-05 updates=955 skipped=0 status=running
  [ep 9] batch 1000/2098  avg_loss 0.00019  0.67s/batch  scale 8.3886e+06
PROGRESS phase=train epoch=9/10 scope=whole_split step=1004/2098 elapsed_s=630.0 step_per_s=1.594 sample_per_s=6.374 eta_s=686.5 loss=0.00019 lr=5.61e-05 updates=1004 skipped=0 status=running
PROGRESS phase=train epoch=9/10 scope=whole_split step=1052/2098 elapsed_s=660.0 step_per_s=1.594 sample_per_s=6.376 eta_s=656.3 loss=0.00019 lr=5.44e-05 updates=1052 skipped=0 status=running
  [ep 9] batch 1100/2098  avg_loss 0.00020  0.62s/batch  scale 8.3886e+06
PROGRESS phase=train epoch=9/10 scope=whole_split step=1101/2098 elapsed_s=690.0 step_per_s=1.596 sample_per_s=6.382 eta_s=624.8 loss=0.00020 lr=5.28e-05 updates=1101 skipped=0 status=running
PROGRESS phase=train epoch=9/10 scope=whole_split step=1150/2098 elapsed_s=720.0 step_per_s=1.597 sample_per_s=6.389 eta_s=593.6 loss=0.00020 lr=5.11e-05 updates=1150 skipped=0 status=running
PROGRESS phase=train epoch=9/10 scope=whole_split step=1198/2098 elapsed_s=750.0 step_per_s=1.597 sample_per_s=6.389 eta_s=563.5 loss=0.00020 lr=4.96e-05 updates=1198 skipped=0 status=running
  [ep 9] batch 1200/2098  avg_loss 0.00020  0.62s/batch  scale 8.3886e+06
PROGRESS phase=train epoch=9/10 scope=whole_split step=1247/2098 elapsed_s=780.0 step_per_s=1.599 sample_per_s=6.395 eta_s=532.3 loss=0.00020 lr=4.80e-05 updates=1247 skipped=0 status=running
PROGRESS phase=train epoch=9/10 scope=whole_split step=1296/2098 elapsed_s=810.0 step_per_s=1.600 sample_per_s=6.400 eta_s=501.3 loss=0.00020 lr=4.64e-05 updates=1296 skipped=0 status=running
  [ep 9] batch 1300/2098  avg_loss 0.00020  0.61s/batch  scale 8.3886e+06
PROGRESS phase=train epoch=9/10 scope=whole_split step=1345/2098 elapsed_s=840.0 step_per_s=1.601 sample_per_s=6.405 eta_s=470.3 loss=0.00020 lr=4.49e-05 updates=1345 skipped=0 status=running
PROGRESS phase=train epoch=9/10 scope=whole_split step=1393/2098 elapsed_s=870.0 step_per_s=1.601 sample_per_s=6.404 eta_s=440.3 loss=0.00020 lr=4.34e-05 updates=1393 skipped=0 status=running
  [ep 9] batch 1400/2098  avg_loss 0.00020  0.62s/batch  scale 8.3886e+06
PROGRESS phase=train epoch=9/10 scope=whole_split step=1442/2098 elapsed_s=900.0 step_per_s=1.602 sample_per_s=6.409 eta_s=409.4 loss=0.00020 lr=4.19e-05 updates=1442 skipped=0 status=running
PROGRESS phase=train epoch=9/10 scope=whole_split step=1491/2098 elapsed_s=930.0 step_per_s=1.603 sample_per_s=6.413 eta_s=378.6 loss=0.00019 lr=4.05e-05 updates=1491 skipped=0 status=running
  [ep 9] batch 1500/2098  avg_loss 0.00020  0.62s/batch  scale 8.3886e+06
PROGRESS phase=train epoch=9/10 scope=whole_split step=1540/2098 elapsed_s=960.0 step_per_s=1.604 sample_per_s=6.416 eta_s=347.9 loss=0.00020 lr=3.91e-05 updates=1540 skipped=0 status=running
PROGRESS phase=train epoch=9/10 scope=whole_split step=1588/2098 elapsed_s=990.0 step_per_s=1.604 sample_per_s=6.416 eta_s=318.0 loss=0.00020 lr=3.77e-05 updates=1588 skipped=0 status=running
  [ep 9] batch 1600/2098  avg_loss 0.00020  0.62s/batch  scale 8.3886e+06
PROGRESS phase=train epoch=9/10 scope=whole_split step=1637/2098 elapsed_s=1020.0 step_per_s=1.605 sample_per_s=6.419 eta_s=287.3 loss=0.00020 lr=3.63e-05 updates=1637 skipped=0 status=running
PROGRESS phase=train epoch=9/10 scope=whole_split step=1686/2098 elapsed_s=1050.0 step_per_s=1.606 sample_per_s=6.423 eta_s=256.6 loss=0.00019 lr=3.49e-05 updates=1686 skipped=0 status=running
  [ep 9] batch 1700/2098  avg_loss 0.00020  0.62s/batch  scale 8.3886e+06
PROGRESS phase=train epoch=9/10 scope=whole_split step=1734/2098 elapsed_s=1080.0 step_per_s=1.605 sample_per_s=6.422 eta_s=226.7 loss=0.00020 lr=3.36e-05 updates=1734 skipped=0 status=running
PROGRESS phase=train epoch=9/10 scope=whole_split step=1783/2098 elapsed_s=1110.0 step_per_s=1.606 sample_per_s=6.425 eta_s=196.1 loss=0.00019 lr=3.23e-05 updates=1783 skipped=0 status=running
  [ep 9] batch 1800/2098  avg_loss 0.00019  0.62s/batch  scale 8.3886e+06
PROGRESS phase=train epoch=9/10 scope=whole_split step=1832/2098 elapsed_s=1140.0 step_per_s=1.607 sample_per_s=6.428 eta_s=165.5 loss=0.00019 lr=3.10e-05 updates=1832 skipped=0 status=running
PROGRESS phase=train epoch=9/10 scope=whole_split step=1881/2098 elapsed_s=1170.0 step_per_s=1.608 sample_per_s=6.431 eta_s=135.0 loss=0.00020 lr=2.98e-05 updates=1881 skipped=0 status=running
  [ep 9] batch 1900/2098  avg_loss 0.00019  0.62s/batch  scale 8.3886e+06
PROGRESS phase=train epoch=9/10 scope=whole_split step=1929/2098 elapsed_s=1200.0 step_per_s=1.607 sample_per_s=6.430 eta_s=105.1 loss=0.00019 lr=2.86e-05 updates=1929 skipped=0 status=running
PROGRESS phase=train epoch=9/10 scope=whole_split step=1978/2098 elapsed_s=1230.0 step_per_s=1.608 sample_per_s=6.432 eta_s=74.6 loss=0.00019 lr=2.73e-05 updates=1978 skipped=0 status=running
  [ep 9] batch 2000/2098  avg_loss 0.00019  0.61s/batch  scale 8.3886e+06
PROGRESS phase=train epoch=9/10 scope=whole_split step=2027/2098 elapsed_s=1260.0 step_per_s=1.609 sample_per_s=6.435 eta_s=44.1 loss=0.00019 lr=2.62e-05 updates=2027 skipped=0 status=running
PROGRESS phase=train epoch=9/10 scope=whole_split step=2076/2098 elapsed_s=1290.0 step_per_s=1.609 sample_per_s=6.437 eta_s=13.7 loss=0.00019 lr=2.50e-05 updates=2076 skipped=0 status=running
PROGRESS phase=train epoch=9/10 scope=whole_split step=2098/2098 elapsed_s=1303.9 step_per_s=1.609 sample_per_s=6.436 loss=0.00019 lr=2.45e-05 updates=2098 skipped=0 status=phase_done
PROGRESS phase=val epoch=9/10 scope=whole_split batch=0/6 elapsed_s=0.0 status=start
PROGRESS phase=val epoch=9/10 scope=whole_split batch=6/6 elapsed_s=1.4 batch_per_s=4.235 rel_l2=0.38171 status=phase_done
epoch 9/10  1305.3s  train_loss 0.00019  val_masked_relL2 0.38171  updates/rank 2098 (skipped across ranks 0)  max_lead 1  grad_scale 8.3886e+06  lr 2.45e-05
PROGRESS phase=train epoch=10/10 scope=whole_split step=0/2098 elapsed_s=0.0 status=start
PROGRESS phase=train epoch=10/10 scope=whole_split step=47/2098 elapsed_s=30.0 step_per_s=1.567 sample_per_s=6.266 eta_s=1309.3 loss=0.00020 lr=2.34e-05 updates=47 skipped=0 status=running
PROGRESS phase=train epoch=10/10 scope=whole_split step=96/2098 elapsed_s=60.0 step_per_s=1.600 sample_per_s=6.400 eta_s=1251.3 loss=0.00019 lr=2.23e-05 updates=96 skipped=0 status=running
  [ep 10] batch 100/2098  avg_loss 0.00019  0.62s/batch  scale 8.3886e+06
PROGRESS phase=train epoch=10/10 scope=whole_split step=138/2098 elapsed_s=90.0 step_per_s=1.533 sample_per_s=6.133 eta_s=1278.3 loss=0.00018 lr=2.14e-05 updates=138 skipped=0 status=running
PROGRESS phase=train epoch=10/10 scope=whole_split step=183/2098 elapsed_s=120.0 step_per_s=1.525 sample_per_s=6.100 eta_s=1255.8 loss=0.00018 lr=2.04e-05 updates=183 skipped=0 status=running
  [ep 10] batch 200/2098  avg_loss 0.00018  0.68s/batch  scale 8.3886e+06
PROGRESS phase=train epoch=10/10 scope=whole_split step=232/2098 elapsed_s=150.0 step_per_s=1.547 sample_per_s=6.186 eta_s=1206.5 loss=0.00018 lr=1.94e-05 updates=232 skipped=0 status=running
PROGRESS phase=train epoch=10/10 scope=whole_split step=281/2098 elapsed_s=180.0 step_per_s=1.561 sample_per_s=6.244 eta_s=1164.0 loss=0.00018 lr=1.84e-05 updates=281 skipped=0 status=running
  [ep 10] batch 300/2098  avg_loss 0.00018  0.61s/batch  scale 8.3886e+06
PROGRESS phase=train epoch=10/10 scope=whole_split step=330/2098 elapsed_s=210.0 step_per_s=1.571 sample_per_s=6.285 eta_s=1125.1 loss=0.00018 lr=1.74e-05 updates=330 skipped=0 status=running
PROGRESS phase=train epoch=10/10 scope=whole_split step=379/2098 elapsed_s=240.0 step_per_s=1.579 sample_per_s=6.316 eta_s=1088.6 loss=0.00018 lr=1.65e-05 updates=379 skipped=0 status=running
  [ep 10] batch 400/2098  avg_loss 0.00018  0.61s/batch  scale 8.3886e+06
PROGRESS phase=train epoch=10/10 scope=whole_split step=428/2098 elapsed_s=270.0 step_per_s=1.585 sample_per_s=6.340 eta_s=1053.6 loss=0.00018 lr=1.56e-05 updates=428 skipped=0 status=running
PROGRESS phase=train epoch=10/10 scope=whole_split step=476/2098 elapsed_s=300.0 step_per_s=1.587 sample_per_s=6.346 eta_s=1022.3 loss=0.00018 lr=1.47e-05 updates=476 skipped=0 status=running
  [ep 10] batch 500/2098  avg_loss 0.00018  0.61s/batch  scale 8.3886e+06
PROGRESS phase=train epoch=10/10 scope=whole_split step=525/2098 elapsed_s=330.0 step_per_s=1.591 sample_per_s=6.363 eta_s=988.8 loss=0.00017 lr=1.38e-05 updates=525 skipped=0 status=running
PROGRESS phase=train epoch=10/10 scope=whole_split step=574/2098 elapsed_s=360.0 step_per_s=1.594 sample_per_s=6.378 eta_s=955.9 loss=0.00017 lr=1.30e-05 updates=574 skipped=0 status=running
  [ep 10] batch 600/2098  avg_loss 0.00017  0.61s/batch  scale 8.3886e+06
PROGRESS phase=train epoch=10/10 scope=whole_split step=623/2098 elapsed_s=390.0 step_per_s=1.597 sample_per_s=6.389 eta_s=923.4 loss=0.00018 lr=1.22e-05 updates=623 skipped=0 status=running
PROGRESS phase=train epoch=10/10 scope=whole_split step=672/2098 elapsed_s=420.0 step_per_s=1.600 sample_per_s=6.400 eta_s=891.3 loss=0.00017 lr=1.14e-05 updates=672 skipped=0 status=running
  [ep 10] batch 700/2098  avg_loss 0.00017  0.61s/batch  scale 1.6777e+07
PROGRESS phase=train epoch=10/10 scope=whole_split step=721/2098 elapsed_s=450.0 step_per_s=1.602 sample_per_s=6.409 eta_s=859.5 loss=0.00017 lr=1.06e-05 updates=721 skipped=0 status=running
PROGRESS phase=train epoch=10/10 scope=whole_split step=770/2098 elapsed_s=480.0 step_per_s=1.604 sample_per_s=6.416 eta_s=827.9 loss=0.00017 lr=9.87e-06 updates=770 skipped=0 status=running
  [ep 10] batch 800/2098  avg_loss 0.00017  0.61s/batch  scale 1.6777e+07
PROGRESS phase=train epoch=10/10 scope=whole_split step=818/2098 elapsed_s=510.0 step_per_s=1.604 sample_per_s=6.415 eta_s=798.1 loss=0.00017 lr=9.17e-06 updates=818 skipped=0 status=running
PROGRESS phase=train epoch=10/10 scope=whole_split step=867/2098 elapsed_s=540.0 step_per_s=1.605 sample_per_s=6.422 eta_s=766.7 loss=0.00017 lr=8.50e-06 updates=866 skipped=1 status=running
  [ep 10] batch 900/2098  avg_loss 0.00017  0.61s/batch  scale 8.3886e+06
PROGRESS phase=train epoch=10/10 scope=whole_split step=916/2098 elapsed_s=570.0 step_per_s=1.607 sample_per_s=6.428 eta_s=735.6 loss=0.00017 lr=7.84e-06 updates=915 skipped=1 status=running
PROGRESS phase=train epoch=10/10 scope=whole_split step=965/2098 elapsed_s=600.0 step_per_s=1.608 sample_per_s=6.433 eta_s=704.5 loss=0.00017 lr=7.20e-06 updates=964 skipped=1 status=running
  [ep 10] batch 1000/2098  avg_loss 0.00017  0.61s/batch  scale 8.3886e+06
PROGRESS phase=train epoch=10/10 scope=whole_split step=1014/2098 elapsed_s=630.0 step_per_s=1.609 sample_per_s=6.438 eta_s=673.5 loss=0.00017 lr=6.60e-06 updates=1013 skipped=1 status=running
PROGRESS phase=train epoch=10/10 scope=whole_split step=1063/2098 elapsed_s=660.0 step_per_s=1.611 sample_per_s=6.442 eta_s=642.6 loss=0.00017 lr=6.02e-06 updates=1062 skipped=1 status=running
  [ep 10] batch 1100/2098  avg_loss 0.00017  0.61s/batch  scale 8.3886e+06
PROGRESS phase=train epoch=10/10 scope=whole_split step=1111/2098 elapsed_s=690.0 step_per_s=1.610 sample_per_s=6.440 eta_s=613.0 loss=0.00017 lr=5.47e-06 updates=1110 skipped=1 status=running
PROGRESS phase=train epoch=10/10 scope=whole_split step=1160/2098 elapsed_s=720.0 step_per_s=1.611 sample_per_s=6.444 eta_s=582.2 loss=0.00017 lr=4.95e-06 updates=1159 skipped=1 status=running
  [ep 10] batch 1200/2098  avg_loss 0.00017  0.61s/batch  scale 8.3886e+06
PROGRESS phase=train epoch=10/10 scope=whole_split step=1209/2098 elapsed_s=750.0 step_per_s=1.612 sample_per_s=6.448 eta_s=551.5 loss=0.00017 lr=4.44e-06 updates=1208 skipped=1 status=running
PROGRESS phase=train epoch=10/10 scope=whole_split step=1258/2098 elapsed_s=780.0 step_per_s=1.613 sample_per_s=6.451 eta_s=520.8 loss=0.00017 lr=3.97e-06 updates=1257 skipped=1 status=running
  [ep 10] batch 1300/2098  avg_loss 0.00017  0.61s/batch  scale 8.3886e+06
PROGRESS phase=train epoch=10/10 scope=whole_split step=1307/2098 elapsed_s=810.0 step_per_s=1.614 sample_per_s=6.454 eta_s=490.2 loss=0.00017 lr=3.52e-06 updates=1306 skipped=1 status=running
PROGRESS phase=train epoch=10/10 scope=whole_split step=1356/2098 elapsed_s=840.0 step_per_s=1.614 sample_per_s=6.457 eta_s=459.7 loss=0.00017 lr=3.10e-06 updates=1355 skipped=1 status=running
  [ep 10] batch 1400/2098  avg_loss 0.00017  0.61s/batch  scale 8.3886e+06
PROGRESS phase=train epoch=10/10 scope=whole_split step=1405/2098 elapsed_s=870.0 step_per_s=1.615 sample_per_s=6.460 eta_s=429.1 loss=0.00017 lr=2.71e-06 updates=1404 skipped=1 status=running
PROGRESS phase=train epoch=10/10 scope=whole_split step=1454/2098 elapsed_s=900.0 step_per_s=1.615 sample_per_s=6.462 eta_s=398.6 loss=0.00017 lr=2.34e-06 updates=1453 skipped=1 status=running
  [ep 10] batch 1500/2098  avg_loss 0.00017  0.61s/batch  scale 8.3886e+06
PROGRESS phase=train epoch=10/10 scope=whole_split step=1502/2098 elapsed_s=930.0 step_per_s=1.615 sample_per_s=6.460 eta_s=369.0 loss=0.00017 lr=2.00e-06 updates=1501 skipped=1 status=running
PROGRESS phase=train epoch=10/10 scope=whole_split step=1551/2098 elapsed_s=960.0 step_per_s=1.616 sample_per_s=6.462 eta_s=338.6 loss=0.00017 lr=1.69e-06 updates=1550 skipped=1 status=running
  [ep 10] batch 1600/2098  avg_loss 0.00017  0.61s/batch  scale 8.3886e+06
PROGRESS phase=train epoch=10/10 scope=whole_split step=1600/2098 elapsed_s=990.0 step_per_s=1.616 sample_per_s=6.464 eta_s=308.1 loss=0.00017 lr=1.40e-06 updates=1599 skipped=1 status=running
PROGRESS phase=train epoch=10/10 scope=whole_split step=1649/2098 elapsed_s=1020.0 step_per_s=1.617 sample_per_s=6.466 eta_s=277.7 loss=0.00017 lr=1.14e-06 updates=1648 skipped=1 status=running
PROGRESS phase=train epoch=10/10 scope=whole_split step=1698/2098 elapsed_s=1050.0 step_per_s=1.617 sample_per_s=6.468 eta_s=247.4 loss=0.00017 lr=9.06e-07 updates=1697 skipped=1 status=running
  [ep 10] batch 1700/2098  avg_loss 0.00017  0.61s/batch  scale 8.3886e+06
PROGRESS phase=train epoch=10/10 scope=whole_split step=1747/2098 elapsed_s=1080.0 step_per_s=1.618 sample_per_s=6.470 eta_s=217.0 loss=0.00017 lr=6.98e-07 updates=1746 skipped=1 status=running
PROGRESS phase=train epoch=10/10 scope=whole_split step=1796/2098 elapsed_s=1110.0 step_per_s=1.618 sample_per_s=6.472 eta_s=186.7 loss=0.00017 lr=5.18e-07 updates=1795 skipped=1 status=running
  [ep 10] batch 1800/2098  avg_loss 0.00017  0.61s/batch  scale 8.3886e+06
PROGRESS phase=train epoch=10/10 scope=whole_split step=1845/2098 elapsed_s=1140.0 step_per_s=1.618 sample_per_s=6.473 eta_s=156.3 loss=0.00017 lr=3.64e-07 updates=1844 skipped=1 status=running
PROGRESS phase=train epoch=10/10 scope=whole_split step=1893/2098 elapsed_s=1170.0 step_per_s=1.618 sample_per_s=6.472 eta_s=126.7 loss=0.00017 lr=2.40e-07 updates=1892 skipped=1 status=running
  [ep 10] batch 1900/2098  avg_loss 0.00017  0.61s/batch  scale 8.3886e+06
PROGRESS phase=train epoch=10/10 scope=whole_split step=1942/2098 elapsed_s=1200.0 step_per_s=1.618 sample_per_s=6.473 eta_s=96.4 loss=0.00017 lr=1.40e-07 updates=1941 skipped=1 status=running
PROGRESS phase=train epoch=10/10 scope=whole_split step=1991/2098 elapsed_s=1230.0 step_per_s=1.619 sample_per_s=6.475 eta_s=66.1 loss=0.00017 lr=6.66e-08 updates=1990 skipped=1 status=running
  [ep 10] batch 2000/2098  avg_loss 0.00017  0.61s/batch  scale 8.3886e+06
PROGRESS phase=train epoch=10/10 scope=whole_split step=2040/2098 elapsed_s=1260.0 step_per_s=1.619 sample_per_s=6.476 eta_s=35.8 loss=0.00017 lr=2.02e-08 updates=2039 skipped=1 status=running
PROGRESS phase=train epoch=10/10 scope=whole_split step=2089/2098 elapsed_s=1290.0 step_per_s=1.619 sample_per_s=6.477 eta_s=5.6 loss=0.00017 lr=6.78e-10 updates=2088 skipped=1 status=running
PROGRESS phase=train epoch=10/10 scope=whole_split step=2098/2098 elapsed_s=1295.8 step_per_s=1.619 sample_per_s=6.476 loss=0.00017 lr=2.24e-11 updates=2097 skipped=1 status=phase_done
PROGRESS phase=val epoch=10/10 scope=whole_split batch=0/6 elapsed_s=0.0 status=start
PROGRESS phase=val epoch=10/10 scope=whole_split batch=6/6 elapsed_s=1.4 batch_per_s=4.391 rel_l2=0.37062 status=phase_done
epoch 10/10  1297.1s  train_loss 0.00017  val_masked_relL2 0.37062  updates/rank 2097 (skipped across ranks 1)  max_lead 1  grad_scale 8.3886e+06  lr 2.24e-11
PROGRESS phase=train objective=persistence_residual epochs_done=10 best_val=0.37062 elapsed_s=12981.4 run_dir=/data2/user/zyq/checkpoints/PRE/middle_smoke_BS4_EMD180_I4_E4_S32_C7_SD2_RES status=completed
done. best val_masked_relL2 = 0.37062; checkpoints in /data2/user/zyq/checkpoints/PRE/middle_smoke_BS4_EMD180_I4_E4_S32_C7_SD2_RES
